Ticker,TickerType,Company,Traded,Transaction,Trade_Size_USD,Status,Subholding,Description,Name,BioGuideID,Filed,Party,District,Chamber,Comments,Quiver_Upload_Time,excess_return,State,last_modified
AAPL,ST,APPLE INC.,2021-12-30,Sale,"$500,001 - $1,000,000",NEW,,"CONTRIBUTION OF 3,000 SHARES HELD PERSONALLY TO TRINITY COLLEGE.",Nancy Pelosi,P000197,2022-01-12,D, CA12,House,,2022-01-13,0.914793979188538,California,2023-11-16
AAPL,ST,APPLE INC.,2021-12-30,Sale,"$500,001 - $1,000,000",NEW,,"CONTRIBUTION OF 3,000 SHARES HELD PERSONALLY TO THE PAUL F. PELOSI ENDOWED FUND AT GEORGETOWN UNIVERSITY.",Nancy Pelosi,P000197,2022-01-12,D, CA12,House,,2022-01-13,0.914793979188538,California,2023-11-16
AAPL,ST,APPLE INC.,2021-12-22,Purchase,"$1,001 - $15,000",NEW,CHARLES SWABB ACCOUNT,,Bob Gibbs,G000563,2021-12-23,R, OH07,House,,2021-12-24,0.486894641546797,Ohio,2023-11-16
BA,ST,BOEING COMPANY,2021-12-22,Sale,"$15,001 - $50,000",NEW,CHARLES SWABB ACCOUNT,,Bob Gibbs,G000563,2021-12-23,R, OH07,House,,2021-12-24,-58.2857827704187,Ohio,2023-11-16
T,ST,AT&T INC.,2021-12-22,Purchase,"$1,001 - $15,000",NEW,CHARLES SWABB ACCOUNT,,Bob Gibbs,G000563,2021-12-23,R, OH07,House,,2021-12-24,-37.6924357776888,Ohio,2023-11-16
MU,OP,"MICRON TECHNOLOGY, INC.",2021-12-21,Purchase,"$250,001 - $500,000",NEW,,PURCHASED 100 CALL OPTIONS WITH A STRIKE PRICE OF $50 AND AN EXPIRATION DATE OF 9/16/22.,Nancy Pelosi,P000197,2021-12-29,D, CA12,House,,2021-12-30,-18.7844581199046,California,2023-11-16
CRM,OP,SALESFORCE.COM INC,2021-12-20,Purchase,"$500,001 - $1,000,000",NEW,,PURCHASED 100 CALL OPTIONS WITH A STRIKE PRICE OF $210 AND AN EXPIRATION DATE OF 1/20/23.,Nancy Pelosi,P000197,2021-12-29,D, CA12,House,,2021-12-30,7.44694757283568,California,2023-11-16
CRM,OP,SALESFORCE.COM INC,2021-12-20,Purchase,"$100,001 - $250,000",NEW,,PURCHASED 30 CALL OPTIONS WITH A STRIKE PRICE OF $210 AND AN EXPIRATION DATE OF 1/20/23.,Nancy Pelosi,P000197,2021-12-29,D, CA12,House,,2021-12-30,7.44694757283568,California,2023-11-16
RBLX,OP,ROBLOX CORPORATION CLASS A,2021-12-20,Purchase,"$250,001 - $500,000",NEW,,PURCHASED 100 CALL OPTIONS WITH A STRIKE PRICE OF $100 AND AN EXPIRATION DATE OF 1/20/23.,Nancy Pelosi,P000197,2021-12-29,D, CA12,House,,2021-12-30,-76.938332122216,California,2023-11-16
GOOG,OP,ALPHABET INC. - CLASS C CAPITAL STOCK,2021-12-17,Purchase,"$500,001 - $1,000,000",NEW,,PURCHASED 10 CALL OPTIONS WITH A STRIKE PRICE OF $2000 AND AN EXPIRATION DATE OF 9/16/22.,Nancy Pelosi,P000197,2021-12-29,D, CA12,House,,2021-12-30,-2.9783101292409,California,2023-11-16
DIS,OP,WALT DISNEY COMPANY,2021-12-17,Purchase,"$100,001 - $250,000",NEW,,PURCHASED 50 CALL OPTIONS WITH A STRIKE PRICE OF $130 AND AN EXPIRATION DATE OF 9/16/22.,Nancy Pelosi,P000197,2021-12-29,D, CA12,House,,2021-12-30,-60.3183921682229,California,2023-11-16
KPLTW,ST,"KATAPULT HOLDINGS, INC. - WARRANT",2021-11-30,Purchase,"$1,001 - $15,000",NEW,,,Austin Scott,S001189,2021-12-01,R, GA08,House,,2021-12-01,-130.421310448776,Georgia,2023-11-16
T,ST,AT&T INC.,2021-11-26,Purchase,"$1,001 - $15,000",NEW,CHARLES SWABB ACCOUNT,,Bob Gibbs,G000563,2021-11-28,R, OH07,House,,2021-11-29,-37.9860810653844,Ohio,2023-11-16
ABBV,ST,ABBVIE INC.,2021-11-26,Purchase,"$1,001 - $15,000",NEW,CHARLES SWABB ACCOUNT,,Bob Gibbs,G000563,2021-11-28,R, OH07,House,,2021-11-29,16.1518774148047,Ohio,2023-11-16
MRK,ST,"MERCK & COMPANY, INC. COMMON STOCK",2021-11-26,Purchase,"$1,001 - $15,000",NEW,CHARLES SWABB ACCOUNT,,Bob Gibbs,G000563,2021-11-28,R, OH07,House,,2021-11-29,-5.62721720625912,Ohio,2023-11-16
QS,ST,QUANTUMSCAPE CORPORATION CLASS A,2021-11-24,Sale,"$1,001 - $15,000",NEW,CHARLES SWABB ACCOUNT,,Bob Gibbs,G000563,2021-11-28,R, OH07,House,,2021-11-29,-112.073418385801,Ohio,2023-11-16
STM,ST,STMICROELECTRONICS N.V.,2021-11-24,Sale,"$15,001 - $50,000",NEW,CHARLES SWABB ACCOUNT,,Bob Gibbs,G000563,2021-11-28,R, OH07,House,,2021-11-29,-74.8284548263183,Ohio,2023-11-16
KPLTW,ST,"KATAPULT HOLDINGS, INC. - WARRANT",2021-11-24,Purchase,"$1,001 - $15,000",NEW,,,Austin Scott,S001189,2021-11-24,R, GA08,House,,2021-11-25,-126.682747024485,Georgia,2023-11-16
STM,ST,STMICROELECTRONICS N.V.,2021-11-16,Purchase,"$1,001 - $15,000",NEW,CHARLES SWABB ACCOUNT,,Bob Gibbs,G000563,2021-11-21,R, OH07,House,,2021-11-22,-76.9822605104256,Ohio,2023-11-16
MRVL,ST,"MARVELL TECHNOLOGY, INC.",2021-11-15,Sale,"$15,001 - $50,000",NEW,CHARLES SWABB ACCOUNT,,Bob Gibbs,G000563,2021-11-21,R, OH07,House,,2021-11-22,-4.230801748798,Ohio,2023-11-16
QS,ST,QUANTUMSCAPE CORPORATION CLASS A,2021-11-15,Purchase,"$1,001 - $15,000",NEW,CHARLES SWABB ACCOUNT,,Bob Gibbs,G000563,2021-11-21,R, OH07,House,,2021-11-22,-115.724098209579,Ohio,2023-11-16
NEO,ST,"NEOGENOMICS, INC.",2021-11-09,Sale,"$1,001 - $15,000",NEW,CHARLES SWABB ACCOUNT,,Bob Gibbs,G000563,2021-11-14,R, OH07,House,,2021-11-15,-89.8987231849434,Ohio,2023-11-16
XOM,ST,EXXON MOBIL CORPORATION,2021-11-09,Purchase,"$1,001 - $15,000",NEW,CHARLES SWABB ACCOUNT,,Bob Gibbs,G000563,2021-11-14,R, OH07,House,,2021-11-15,55.2824253784667,Ohio,2023-11-16
CAT,ST,"CATERPILLAR, INC.",2021-11-08,Purchase,"$1,001 - $15,000",NEW,NORTHWESTERN MUTUAL - JOINT,,John Curtis,C001114,2021-11-16,R, UT03,House,,2021-11-17,53.345568215485,Utah,2023-11-16
GPN,ST,GLOBAL PAYMENTS INC.,2021-11-08,Sale,"$1,001 - $15,000",NEW,NORTHWESTERN MUTUAL - JOINT,,John Curtis,C001114,2021-11-16,R, UT03,House,,2021-11-17,-41.077518000893,Utah,2023-11-16
HON,ST,HONEYWELL INTERNATIONAL INC.,2021-11-08,Sale,"$1,001 - $15,000",NEW,NORTHWESTERN MUTUAL - JOINT,,John Curtis,C001114,2021-11-16,R, UT03,House,,2021-11-17,-24.0655365621117,Utah,2023-11-16
LMT,ST,LOCKHEED MARTIN CORPORATION,2021-11-08,Sale,"$1,001 - $15,000",NEW,NORTHWESTERN MUTUAL - JOINT,,John Curtis,C001114,2021-11-16,R, UT03,House,,2021-11-17,35.8667105663309,Utah,2023-11-16
ULTA,ST,"ULTA BEAUTY, INC.",2021-11-08,Purchase,"$1,001 - $15,000",NEW,NORTHWESTERN MUTUAL - JOINT,,John Curtis,C001114,2021-11-16,R, UT03,House,,2021-11-17,-28.7008372668232,Utah,2023-11-16
KLAC,ST,KLA CORPORATION,2021-11-08,Purchase,"$1,001 - $15,000",NEW,NORTHWESTERN MUTUAL - JOINT,,John Curtis,C001114,2021-11-16,R, UT03,House,,2021-11-17,28.8086509832602,Utah,2023-11-16
ATVI,ST,"ACTIVISION BLIZZARD, INC",2021-11-08,Sale,"$1,001 - $15,000",NEW,NORTHWESTERN MUTUAL - JOINT,,John Curtis,C001114,2021-11-16,R, UT03,House,,2021-11-17,48.8902778207438,Utah,2023-11-16
V,ST,VISA INC.,2021-11-08,Purchase,"$1,001 - $15,000",NEW,NORTHWESTERN MUTUAL - JOINT,,John Curtis,C001114,2021-11-16,R, UT03,House,,2021-11-17,13.042898120296,Utah,2023-11-16
BE,ST,BLOOM ENERGY CORPORATION CLASS A,2021-10-21,Sale,"$1,001 - $15,000",NEW,,,Austin Scott,S001189,2021-10-21,R, GA08,House,,2021-10-22,-67.50776982408,Georgia,2023-11-16
CLNE,ST,CLEAN ENERGY FUELS CORP.,2021-10-21,Sale,"$1,001 - $15,000",NEW,,,Austin Scott,S001189,2021-10-21,R, GA08,House,,2021-10-22,-99.6220999479953,Georgia,2023-11-16
KPLT,ST,"KATAPULT HOLDINGS, INC.",2021-10-21,Sale,"$1,001 - $15,000",NEW,,,Austin Scott,S001189,2021-10-21,R, GA08,House,,2021-10-22,-125.78986076129,Georgia,2023-11-16
PLUG,ST,"PLUG POWER, INC.",2021-10-15,Purchase,"$1,001 - $15,000",NEW,,,Austin Scott,S001189,2021-10-15,R, GA08,House,,2021-10-18,-127.626604717154,Georgia,2023-11-16
KPLTW,ST,"KATAPULT HOLDINGS, INC. - WARRANT",2021-09-14,Sale,"$1,001 - $15,000",NEW,,,Austin Scott,S001189,2021-10-15,R, GA08,House,,2021-10-18,-134.136004441053,Georgia,2023-11-16
BE,ST,BLOOM ENERGY CORPORATION CLASS A,2021-09-14,Purchase,"$1,001 - $15,000",NEW,,,Austin Scott,S001189,2021-10-15,R, GA08,House,,2021-10-18,-65.1846505630523,Georgia,2023-11-16
JNJ,ST,JOHNSON & JOHNSON,2021-09-10,Sale,"$15,001 - $50,000",NEW,VIVIEN G SCOTT IRA,,Austin Scott,S001189,2021-10-15,R, GA08,House,,2021-10-15,-42.2701066889454,Georgia,2023-11-16
KPLTW,ST,"KATAPULT HOLDINGS, INC. - WARRANT",2021-09-10,Sale,"$1,001 - $15,000",NEW,,,Austin Scott,S001189,2021-10-15,R, GA08,House,,2021-10-18,-133.755196496163,Georgia,2023-11-16
T,ST,AT&T INC.,2021-09-08,Sale,"$15,001 - $50,000",NEW,VIVIEN G SCOTT IRA,,Austin Scott,S001189,2021-10-15,R, GA08,House,,2021-10-15,-51.6173403422014,Georgia,2023-11-16
BRK.B,ST,BERKSHIRE HATHAWAY INC. NEW,2021-09-08,Sale,"$15,001 - $50,000",NEW,VIVIEN G SCOTT IRA,,Austin Scott,S001189,2021-10-15,R, GA08,House,,2021-10-15,35.1591244718583,Georgia,2023-11-16
F,ST,FORD MOTOR COMPANY,2021-09-08,Sale,"$1,001 - $15,000",NEW,VIVIEN G SCOTT IRA,,Austin Scott,S001189,2021-10-15,R, GA08,House,,2021-10-15,-47.2264141629272,Georgia,2023-11-16
FCEL,ST,"FUELCELL ENERGY, INC.",2021-09-07,Purchase,"$1,001 - $15,000",NEW,,,Austin Scott,S001189,2021-10-15,R, GA08,House,,2021-10-18,-128.975711528216,Georgia,2023-11-16
PLUG,ST,"PLUG POWER, INC.",2021-09-07,Purchase,"$1,001 - $15,000",NEW,,,Austin Scott,S001189,2021-10-15,R, GA08,House,,2021-10-18,-124.936076370671,Georgia,2023-11-16
BLDP,ST,"BALLARD POWER SYSTEMS, INC. - COMMON SHARES",2021-09-03,Purchase,"$1,001 - $15,000",NEW,,,Austin Scott,S001189,2021-10-15,R, GA08,House,,2021-10-18,-124.053874645259,Georgia,2023-11-16
NVVE,ST,NUVVE HOLDING CORP.,2021-08-13,Sale,"$1,001 - $15,000",NEW,,,Austin Scott,S001189,2021-08-13,R, GA08,House,,2021-08-16,-133.84518897543,Georgia,2023-11-16
KPLT,ST,"KATAPULT HOLDINGS, INC.",2021-08-13,Purchase,"$1,001 - $15,000",NEW,,,Austin Scott,S001189,2021-08-13,R, GA08,House,,2021-08-16,-125.373568007363,Georgia,2023-11-16
KPLTW,ST,"KATAPULT HOLDINGS, INC. - WARRANT",2021-08-13,Purchase,"$1,001 - $15,000",NEW,,,Austin Scott,S001189,2021-08-13,R, GA08,House,,2021-08-16,-133.116851589452,Georgia,2023-11-16
LVS,ST,LAS VEGAS SANDS CORP.,2021-08-12,Sale,"$1,001 - $15,000",NEW,NORTHWESTERN MUTUAL - JOINT,,John Curtis,C001114,2021-09-02,R, UT03,House,,2021-09-03,-12.7611303302606,Utah,2023-11-16
HLT,ST,HILTON WORLDWIDE HOLDINGS INC.,2021-08-12,Purchase,"$1,001 - $15,000",NEW,NORTHWESTERN MUTUAL - JOINT,,John Curtis,C001114,2021-09-02,R, UT03,House,,2021-09-03,70.5029672998371,Utah,2023-11-16
SHW,ST,SHERWIN-WILLIAMS COMPANY,2021-08-12,Purchase,"$1,001 - $15,000",NEW,NORTHWESTERN MUTUAL - JOINT,,John Curtis,C001114,2021-09-02,R, UT03,House,,2021-09-03,-6.66827725672832,Utah,2023-11-16
KPLTW,ST,"KATAPULT HOLDINGS, INC. - WARRANT",2021-08-10,Purchase,"$1,001 - $15,000",NEW,,,Austin Scott,S001189,2021-08-13,R, GA08,House,,2021-08-16,-134.260577915377,Georgia,2023-11-16
NVVE,ST,NUVVE HOLDING CORP.,2021-08-10,Sale,"$1,001 - $15,000",NEW,,,Austin Scott,S001189,2021-08-13,R, GA08,House,,2021-08-16,-134.837444239565,Georgia,2023-11-16
BLDP,ST,"BALLARD POWER SYSTEMS, INC. - COMMON SHARES",2021-08-10,Purchase,"$1,001 - $15,000",NEW,,,Austin Scott,S001189,2021-08-13,R, GA08,House,,2021-08-16,-127.220434453273,Georgia,2023-11-16
NVDA,ST,NVIDIA CORPORATION,2021-07-23,Purchase,"$500,001 - $1,000,000",NEW,,"PURCHASED 5,000 SHARES.",Nancy Pelosi,P000197,2021-08-20,D, CA12,House,,2021-08-20,612.107296511321,California,2023-11-16
NVDA,OP,NVIDIA CORPORATION,2021-07-23,Purchase,"$250,001 - $500,000",NEW,,PURCHASED 50 CALL OPTIONS WITH A STRIKE PRICE OF $100 AND AN EXPIRATION DATE OF 9/16/22.,Nancy Pelosi,P000197,2021-08-20,D, CA12,House,,2021-08-20,612.107296511321,California,2023-11-16
"MONTGOMERY, AL .2, SCHAUMBERG, IL .1",ST,"LAKELAND, FL -1, ALBANY, GA - 1, ANDOVER, MA - 1, FAYETTEVILLE, NC - 1, GREENVILLE, SC - 1, JOHNSON CITY, TN - 1, BEAUMONT, TX - 1, RICHMOND, VA - 1, VANCOUVER, WA - 1) AND NINE HILTON-BRANDED HOTELS",2021-07-22,Sale,"$250,001 - $500,000",NEW,,"10,000 SHARES OF SLACK TECHNOLOGIES INC. EXCHANGED FOR 776 SHARES OF SALESFORCE.COM INC. AS A RESULT OF A",Nancy Pelosi,P000197,2021-08-20,D, CA12,House,,2021-08-20,,California,2023-11-16
UNH,ST,UNITEDHEALTH GROUP INCORPORATED COMMON STOCK,2021-07-19,Sale,"$1,001 - $15,000",NEW,NORTHWESTERN MUTUAL - JOINT,,John Curtis,C001114,2021-08-06,R, UT03,House,,2021-08-09,7.58085318693666,Utah,2023-11-16
AAPL,ST,APPLE INC.,2021-07-19,Sale,"$1,001 - $15,000",NEW,NORTHWESTERN MUTUAL - JOINT,,John Curtis,C001114,2021-08-06,R, UT03,House,,2021-08-09,17.5025049249479,Utah,2023-11-16
HLT,ST,HILTON WORLDWIDE HOLDINGS INC.,2021-07-19,Purchase,"$1,001 - $15,000",NEW,NORTHWESTERN MUTUAL - JOINT,,John Curtis,C001114,2021-08-06,R, UT03,House,,2021-08-09,75.3898229831915,Utah,2023-11-16
FISV,ST,"FISERV, INC.",2021-07-19,Purchase,"$1,001 - $15,000",NEW,NORTHWESTERN MUTUAL - JOINT,,John Curtis,C001114,2021-08-06,R, UT03,House,,2021-08-09,6.42413336688975,Utah,2023-11-16
AMD,ST,"ADVANCED MICRO DEVICES, INC.",2021-07-19,Purchase,"$1,001 - $15,000",NEW,NORTHWESTERN MUTUAL - JOINT,,John Curtis,C001114,2021-08-06,R, UT03,House,,2021-08-09,20.3597677822107,Utah,2023-11-16
MRK,ST,"MERCK & COMPANY, INC. COMMON STOCK",2021-07-19,Sale,"$1,001 - $15,000",NEW,NORTHWESTERN MUTUAL - JOINT,,John Curtis,C001114,2021-08-06,R, UT03,House,,2021-08-09,-12.6928275675942,Utah,2023-11-16
SBUX,ST,STARBUCKS CORPORATION,2021-07-19,Purchase,"$1,001 - $15,000",NEW,NORTHWESTERN MUTUAL - JOINT,,John Curtis,C001114,2021-08-06,R, UT03,House,,2021-08-09,-53.9900963699427,Utah,2023-11-16
KPLT,ST,"KATAPULT HOLDINGS, INC.",2021-07-16,Purchase,"$1,001 - $15,000",NEW,,,Austin Scott,S001189,2021-08-13,R, GA08,House,,2021-08-16,-135.23070018406,Georgia,2023-11-16
NVVE,ST,NUVVE HOLDING CORP.,2021-07-16,Purchase,"$1,001 - $15,000",NEW,,,Austin Scott,S001189,2021-08-13,R, GA08,House,,2021-08-16,-138.343314165823,Georgia,2023-11-16
PLUG,ST,"PLUG POWER, INC.",2021-07-16,Sale,"$1,001 - $15,000",NEW,,,Austin Scott,S001189,2021-08-13,R, GA08,House,,2021-08-16,-130.856690187905,Georgia,2023-11-16
FCEL,ST,"FUELCELL ENERGY, INC.",2021-07-16,Sale,"$1,001 - $15,000",NEW,,,Austin Scott,S001189,2021-08-13,R, GA08,House,,2021-08-16,-135.397621303653,Georgia,2023-11-16
KPLT,ST,"KATAPULT HOLDINGS, INC.",2021-07-08,Purchase,"$1,001 - $15,000",NEW,,,Austin Scott,S001189,2021-08-13,R, GA08,House,,2021-08-16,-135.791457995383,Georgia,2023-11-16
GOLD,ST,BARRICK GOLD CORPORATION COMMON STOCK,2021-07-07,Purchase,"$1,001 - $15,000",NEW,CHARLES SWABB ACCOUNT,,Bob Gibbs,G000563,2021-07-07,R, OH07,House,,2021-07-08,-58.2385331460524,Ohio,2023-11-16
FCEL,ST,"FUELCELL ENERGY, INC.",2021-07-02,Purchase,"$1,001 - $15,000",NEW,,,Austin Scott,S001189,2021-08-13,R, GA08,House,,2021-08-16,-135.317050348768,Georgia,2023-11-16
CLNE,ST,CLEAN ENERGY FUELS CORP.,2021-07-01,Purchase,"$1,001 - $15,000",NEW,,,Austin Scott,S001189,2021-08-13,R, GA08,House,,2021-08-16,-111.915104677071,Georgia,2023-11-16
ADBE,ST,ADOBE INC.,2021-06-22,Sale,"$1,001 - $15,000",NEW,,,John Curtis,C001114,2021-07-06,R, UT03,House,,2021-07-07,-48.2006789294453,Utah,2023-11-16
FISV,ST,"FISERV, INC.",2021-06-22,Purchase,"$1,001 - $15,000",NEW,,,John Curtis,C001114,2021-07-06,R, UT03,House,,2021-07-07,4.68883556564098,Utah,2023-11-16
TXN,ST,TEXAS INSTRUMENTS INCORPORATED,2021-06-22,Sale,"$1,001 - $15,000",NEW,,,John Curtis,C001114,2021-07-06,R, UT03,House,,2021-07-07,-30.7031758833414,Utah,2023-11-16
CME,ST,CME GROUP INC. - CLASS A,2021-06-22,Sale,"$1,001 - $15,000",NEW,,,John Curtis,C001114,2021-07-06,R, UT03,House,,2021-07-07,-35.0014719861365,Utah,2023-11-16
CMCSA,ST,COMCAST CORPORATION - CLASS A,2021-06-22,Sale,"$1,001 - $15,000",NEW,,,John Curtis,C001114,2021-07-06,R, UT03,House,,2021-07-07,-64.4973893453146,Utah,2023-11-16
VLO,ST,VALERO ENERGY CORPORATION,2021-06-22,Purchase,"$1,001 - $15,000",NEW,,,John Curtis,C001114,2021-07-06,R, UT03,House,,2021-07-07,31.6485046950988,Utah,2023-11-16
HD,ST,"HOME DEPOT, INC.",2021-06-22,Sale,"$1,001 - $15,000",NEW,,,John Curtis,C001114,2021-07-06,R, UT03,House,,2021-07-07,-9.51769242557314,Utah,2023-11-16
INTC,ST,INTEL CORPORATION,2021-06-22,Sale,"$1,001 - $15,000",NEW,,,John Curtis,C001114,2021-07-06,R, UT03,House,,2021-07-07,-96.0868004621517,Utah,2023-11-16
BDX,ST,"BECTON, DICKINSON AND COMPANY",2021-06-22,Sale,"$1,001 - $15,000",NEW,,,John Curtis,C001114,2021-07-06,R, UT03,House,,2021-07-07,-44.4769622463202,Utah,2023-11-16
DHR,ST,DANAHER CORPORATION,2021-06-22,Sale,"$1,001 - $15,000",NEW,,,John Curtis,C001114,2021-07-06,R, UT03,House,,2021-07-07,-50.2432203770809,Utah,2023-11-16
C,ST,"CITIGROUP, INC.",2021-06-22,Purchase,"$1,001 - $15,000",NEW,,,John Curtis,C001114,2021-07-06,R, UT03,House,,2021-07-07,-40.7918525240937,Utah,2023-11-16
TMUS,ST,"T-MOBILE US, INC.",2021-06-22,Purchase,"$1,001 - $15,000",NEW,,,John Curtis,C001114,2021-07-06,R, UT03,House,,2021-07-07,24.4996158214908,Utah,2023-11-16
LRCX,ST,LAM RESEARCH CORPORATION,2021-06-22,Sale,"$1,001 - $15,000",NEW,,,John Curtis,C001114,2021-07-06,R, UT03,House,,2021-07-07,-21.920341669402,Utah,2023-11-16
AMAT,ST,"APPLIED MATERIALS, INC.",2021-06-22,Sale,"$1,001 - $15,000",NEW,,,John Curtis,C001114,2021-07-06,R, UT03,House,,2021-07-07,-3.70743073437928,Utah,2023-11-16
FB,ST,"FACEBOOK, INC. - CLASS A",2021-06-22,Sale,"$1,001 - $15,000",NEW,,,John Curtis,C001114,2021-07-06,R, UT03,House,,2021-07-07,-38.8601392152759,Utah,2023-11-16
MSFT,ST,MICROSOFT CORPORATION,2021-06-22,Sale,"$1,001 - $15,000",NEW,,,John Curtis,C001114,2021-07-06,R, UT03,House,,2021-07-07,19.4542829175608,Utah,2023-11-16
ISRG,ST,"INTUITIVE SURGICAL, INC.",2021-06-22,Purchase,"$1,001 - $15,000",NEW,,,John Curtis,C001114,2021-07-06,R, UT03,House,,2021-07-07,37.8175914815105,Utah,2023-11-16
DLTR,ST,"DOLLAR TREE, INC.",2021-06-22,Purchase,"$1,001 - $15,000",NEW,,,John Curtis,C001114,2021-07-06,R, UT03,House,,2021-07-07,-76.1086631980515,Utah,2023-11-16
AMD,ST,"ADVANCED MICRO DEVICES, INC.",2021-06-22,Purchase,"$1,001 - $15,000",NEW,,,John Curtis,C001114,2021-07-06,R, UT03,House,,2021-07-07,25.9763222632227,Utah,2023-11-16
BAC,ST,BANK OF AMERICA CORPORATION,2021-06-22,Purchase,"$1,001 - $15,000",NEW,,,John Curtis,C001114,2021-07-06,R, UT03,House,,2021-07-07,-25.9292736003417,Utah,2023-11-16
GPN,ST,GLOBAL PAYMENTS INC.,2021-06-22,Purchase,"$1,001 - $15,000",NEW,,,John Curtis,C001114,2021-07-06,R, UT03,House,,2021-07-07,-80.7244423575668,Utah,2023-11-16
STZ,ST,"CONSTELLATION BRANDS, INC.",2021-06-22,Purchase,"$1,001 - $15,000",NEW,,,John Curtis,C001114,2021-07-06,R, UT03,House,,2021-07-07,-33.5652887737155,Utah,2023-11-16
ICE,ST,INTERCONTINENTAL EXCHANGE INC.,2021-06-22,Sale,"$1,001 - $15,000",NEW,,,John Curtis,C001114,2021-07-06,R, UT03,House,,2021-07-07,-4.52608053275814,Utah,2023-11-16
RTX,ST,RAYTHEON TECHNOLOGIES CORPORATION,2021-06-22,Purchase,"$1,001 - $15,000",NEW,,,John Curtis,C001114,2021-07-06,R, UT03,House,,2021-07-07,0.93245257526965,Utah,2023-11-16
CRM,ST,SALESFORCE.COM INC,2021-06-22,Sale,"$1,001 - $15,000",NEW,,,John Curtis,C001114,2021-07-06,R, UT03,House,,2021-07-07,-0.128458837239421,Utah,2023-11-16
DE,ST,DEERE & COMPANY,2021-06-22,Sale,"$1,001 - $15,000",NEW,,,John Curtis,C001114,2021-07-06,R, UT03,House,,2021-07-07,-26.8493622344876,Utah,2023-11-16
PGR,ST,PROGRESSIVE CORPORATION,2021-06-22,Sale,"$1,001 - $15,000",NEW,,,John Curtis,C001114,2021-07-06,R, UT03,House,,2021-07-07,134.580850962538,Utah,2023-11-16
AMZN,ST,"AMAZON.COM, INC.",2021-06-22,Sale,"$1,001 - $15,000",NEW,,,John Curtis,C001114,2021-07-06,R, UT03,House,,2021-07-07,-18.5373479179814,Utah,2023-11-16
BSX,ST,BOSTON SCIENTIFIC CORPORATION,2021-06-22,Purchase,"$1,001 - $15,000",NEW,,,John Curtis,C001114,2021-07-06,R, UT03,House,,2021-07-07,61.8421675746532,Utah,2023-11-16
ANTM,ST,"ANTHEM, INC.",2021-06-22,Purchase,"$1,001 - $15,000",NEW,,,John Curtis,C001114,2021-07-06,R, UT03,House,,2021-07-07,35.4248337536146,Utah,2023-11-16
HLT,ST,HILTON WORLDWIDE HOLDINGS INC.,2021-06-22,Purchase,"$1,001 - $15,000",NEW,,,John Curtis,C001114,2021-07-06,R, UT03,House,,2021-07-07,59.6665152317661,Utah,2023-11-16
BLK,ST,"BLACKROCK, INC.",2021-06-22,Purchase,"$1,001 - $15,000",NEW,,,John Curtis,C001114,2021-07-06,R, UT03,House,,2021-07-07,-21.4688262943733,Utah,2023-11-16
AAPL,ST,APPLE INC.,2021-06-22,Sale,"$1,001 - $15,000",NEW,,,John Curtis,C001114,2021-07-06,R, UT03,House,,2021-07-07,27.3347339664619,Utah,2023-11-16
GOOGL,ST,ALPHABET INC. - CLASS A,2021-06-22,Sale,"$1,001 - $15,000",NEW,,,John Curtis,C001114,2021-07-06,R, UT03,House,,2021-07-07,5.53647556377592,Utah,2023-11-16
TMO,ST,THERMO FISHER SCIENTIFIC INC,2021-06-22,Sale,"$1,001 - $15,000",NEW,,,John Curtis,C001114,2021-07-06,R, UT03,House,,2021-07-07,-30.5950598704195,Utah,2023-11-16
PEP,ST,"PEPSICO, INC.",2021-06-22,Sale,"$1,001 - $15,000",NEW,,,John Curtis,C001114,2021-07-06,R, UT03,House,,2021-07-07,-28.4543449484774,Utah,2023-11-16
CLNE,ST,CLEAN ENERGY FUELS CORP.,2021-06-21,Purchase,"$1,001 - $15,000",NEW,,,Austin Scott,S001189,2021-06-30,R, GA08,House,,2021-06-30,-116.525930205545,Georgia,2023-11-16
GOOGL,ST,ALPHABET INC. - CLASS A,2021-06-18,Purchase,"$1,000,001 - $5,000,000",NEW,,"EXERCISED 40 CALL OPTIONS (4,000 SHARES) EXPIRING 6/18/21 AT A STRIKE PRICE OF $1200.",Nancy Pelosi,P000197,2021-07-02,D, CA12,House,,2021-07-05,5.51163560241788,California,2023-11-16
CLNE,ST,CLEAN ENERGY FUELS CORP.,2021-06-14,Sale,"$1,001 - $15,000",NEW,,,Austin Scott,S001189,2021-06-30,R, GA08,House,,2021-06-30,-115.324601587193,Georgia,2023-11-16
NVVE,ST,NUVVE HOLDING CORP.,2021-06-14,Sale,"$1,001 - $15,000",NEW,,,Austin Scott,S001189,2021-06-30,R, GA08,House,,2021-06-30,-140.326206209594,Georgia,2023-11-16
CLNE,ST,CLEAN ENERGY FUELS CORP.,2021-06-08,Purchase,"$1,001 - $15,000",NEW,,,Austin Scott,S001189,2021-06-30,R, GA08,House,,2021-06-30,-113.135918336444,Georgia,2023-11-16
NVDA,OP,NVIDIA CORPORATION,2021-06-03,Purchase,"$1,000,001 - $5,000,000",NEW,,PURCHASED 50 CALL OPTIONS WITH A STRIKE PRICE OF $400 AND AN EXPIRATION DATE OF 6/17/22.,Nancy Pelosi,P000197,2021-07-02,D, CA12,House,,2021-07-05,719.341490190105,California,2023-11-16
STM,ST,STMICROELECTRONICS N.V.,2021-05-25,Purchase,"$1,001 - $15,000",NEW,CHARLES SWABB IRA,,Bob Gibbs,G000563,2021-05-28,R, OH07,House,,2021-05-31,-72.924649785043,Ohio,2023-11-16
STM,ST,STMICROELECTRONICS N.V.,2021-05-25,Purchase,"$1,001 - $15,000",NEW,CHARLES SWABB ACCOUNT,,Bob Gibbs,G000563,2021-05-28,R, OH07,House,,2021-05-31,-72.924649785043,Ohio,2023-11-16
AEP,ST,"AMERICAN ELECTRIC POWER COMPANY, INC.",2021-05-25,Sale,"$1,001 - $15,000",NEW,CHARLES SWABB ACCOUNT,,Bob Gibbs,G000563,2021-05-28,R, OH07,House,,2021-05-31,-34.1752629630504,Ohio,2023-11-16
NVVE,ST,NUVVE HOLDING CORP.,2021-05-25,Purchase,"$1,001 - $15,000",NEW,,,Austin Scott,S001189,2021-06-30,R, GA08,House,,2021-06-30,-142.698733433022,Georgia,2023-11-16
AAPL,OP,APPLE INC.,2021-05-21,Purchase,"$100,001 - $250,000",NEW,,PURCHASED 50 CALL OPTIONS WITH A STRIKE PRICE OF $100 AND AN EXPIRATION DATE OF 6/17/22.,Nancy Pelosi,P000197,2021-07-02,D, CA12,House,,2021-07-05,35.5537764831946,California,2023-11-16
AMZN,OP,"AMAZON.COM, INC.",2021-05-21,Purchase,"$500,001 - $1,000,000",NEW,,"PURCHASED 20 CALL OPTIONS WITH A STRIKE PRICE OF $3,000 AND AN EXPIRATION DATE OF 6/17/22.",Nancy Pelosi,P000197,2021-07-02,D, CA12,House,,2021-07-05,-10.240987840406,California,2023-11-16
CTVA,ST,"CORTEVA, INC.",2021-05-11,Sale,"$1,001 - $15,000",NEW,MERRILL LYNCH - IRA,,Bob Gibbs,G000563,2021-05-28,R, OH07,House,,2021-05-31,-21.7089533944409,Ohio,2023-11-16
IR,ST,INGERSOLL RAND INC.,2021-05-11,Sale,"$1,001 - $15,000",NEW,MERRILL LYNCH - IRA,,Bob Gibbs,G000563,2021-05-28,R, OH07,House,,2021-05-31,72.5182553716951,Ohio,2023-11-16
NVVE,ST,NUVVE HOLDING CORP.,2021-05-04,Sale,"$1,001 - $15,000",NEW,,,Austin Scott,S001189,2021-05-18,R, GA08,House,,2021-05-19,-143.606984144089,Georgia,2023-11-16
BLDP,ST,"BALLARD POWER SYSTEMS, INC. - COMMON SHARES",2021-05-04,Purchase,"$1,001 - $15,000",NEW,,,Austin Scott,S001189,2021-05-18,R, GA08,House,,2021-05-19,-135.876938251194,Georgia,2023-11-16
BLDP,ST,"BALLARD POWER SYSTEMS, INC. - COMMON SHARES",2021-04-23,Purchase,"$1,001 - $15,000",NEW,,,Austin Scott,S001189,2021-05-18,R, GA08,House,,2021-05-19,-137.542201900093,Georgia,2023-11-16
NVVE,ST,NUVVE HOLDING CORP.,2021-04-13,Purchase,"$1,001 - $15,000",NEW,VIVIEN G SCOTT IRA,,Austin Scott,S001189,2021-05-18,R, GA08,House,,2021-05-19,-144.598058321425,Georgia,2023-11-16
PLUG,ST,"PLUG POWER, INC.",2021-04-09,Sale,"$1,001 - $15,000",NEW,,,Austin Scott,S001189,2021-05-18,R, GA08,House,,2021-05-19,-139.050961839496,Georgia,2023-11-16
NVVE,ST,NUVVE HOLDING CORP.,2021-04-09,Purchase,"$1,001 - $15,000",NEW,,,Austin Scott,S001189,2021-05-18,R, GA08,House,,2021-05-19,-145.071265923639,Georgia,2023-11-16
HOFV,ST,HALL OF FAME RESORT & ENTERTAINMENT COMPANY,2021-04-01,Purchase,"$1,001 - $15,000",NEW,CHARLES SWABB ACCOUNT,,Bob Gibbs,G000563,2021-04-09,R, OH07,House,,2021-04-12,-148.012477818534,Ohio,2023-11-16
FCEL,ST,"FUELCELL ENERGY, INC.",2021-03-19,Purchase,"$15,001 - $50,000",NEW,VIVIEN G SCOTT IRA,,Austin Scott,S001189,2021-04-01,R, GA08,House,,2021-04-02,-151.508132268831,Georgia,2023-11-16
MSFT,ST,MICROSOFT CORPORATION,2021-03-19,Purchase,"$1,000,001 - $5,000,000",NEW,,"EXERCISED 150 CALL OPTIONS (15,000 SHARES) EXPIRING 3/19/2021 AT A STRIKE PRICE OF $130.",Nancy Pelosi,P000197,2021-04-09,D, CA12,House,,2021-04-12,31.7534385055472,California,2023-11-16
MSFT,ST,MICROSOFT CORPORATION,2021-03-19,Purchase,"$1,000,001 - $5,000,000",NEW,,"EXERCISED 100 CALL OPTIONS (10,000 SHARES) EXPIRING 3/19/2021 AT A STRIKE PRICE OF $140.",Nancy Pelosi,P000197,2021-04-09,D, CA12,House,,2021-04-12,31.7534385055472,California,2023-11-16
PLUG,ST,"PLUG POWER, INC.",2021-03-19,Purchase,"$15,001 - $50,000",NEW,VIVIEN G SCOTT IRA,,Austin Scott,S001189,2021-04-01,R, GA08,House,,2021-04-02,-147.688940419441,Georgia,2023-11-16
BE,ST,BLOOM ENERGY CORPORATION CLASS A,2021-03-17,Sale,"$1,001 - $15,000",NEW,,,Austin Scott,S001189,2021-04-01,R, GA08,House,,2021-04-02,-102.584289576404,Georgia,2023-11-16
PLUG,ST,"PLUG POWER, INC.",2021-03-17,Purchase,"$1,001 - $15,000",NEW,,,Austin Scott,S001189,2021-04-01,R, GA08,House,,2021-04-02,-145.31143825321,Georgia,2023-11-16
BE,ST,BLOOM ENERGY CORPORATION CLASS A,2021-03-15,Sale,"$1,001 - $15,000",NEW,,,Austin Scott,S001189,2021-04-01,R, GA08,House,,2021-04-02,-104.973812052437,Georgia,2023-11-16
BE,ST,BLOOM ENERGY CORPORATION CLASS A,2021-03-05,Purchase,"$1,001 - $15,000",NEW,,,Austin Scott,S001189,2021-04-01,R, GA08,House,,2021-04-02,-102.565028490961,Georgia,2023-11-16
PLUG,ST,"PLUG POWER, INC.",2021-03-04,Purchase,"$1,001 - $15,000",NEW,,,Austin Scott,S001189,2021-04-01,R, GA08,House,,2021-04-02,-153.600877565491,Georgia,2023-11-16
AB,ST,ALLIANCEBERNSTEIN HOLDING L.P. UNITS,2021-02-23,Purchase,"$500,001 - $1,000,000",NEW,,"PURCHASED 25,000 SHARES.",Nancy Pelosi,P000197,2021-03-09,D, CA12,House,,2021-03-10,-55.2319409989843,California,2023-11-16
AB,ST,ALLIANCEBERNSTEIN HOLDING L.P. UNITS,2021-02-18,Purchase,"$500,001 - $1,000,000",NEW,,"PURCHASED 15,000 SHARES.",Nancy Pelosi,P000197,2021-03-09,D, CA12,House,,2021-03-10,-58.369081799804,California,2023-11-16
IBM,ST,INTERNATIONAL BUSINESS MACHINES CORPORATION,2021-02-08,Purchase,"$1,001 - $15,000",NEW,CHARLES SWABB ACCOUNT,,Bob Gibbs,G000563,2021-02-18,R, OH07,House,,2021-02-19,25.5792429278482,Ohio,2023-11-16
DOMO,ST,"DOMO, INC. - CLASS B",2021-02-02,Sale,"$15,001 - $50,000",NEW,,,John Curtis,C001114,2021-02-04,R, UT03,House,,2021-02-05,-143.494079065178,Utah,2023-11-16
DIS,ST,WALT DISNEY COMPANY,2021-02-02,Sale,"$1,001 - $15,000",NEW,,,John Curtis,C001114,2021-02-04,R, UT03,House,,2021-02-05,-98.4877388143755,Utah,2023-11-16
AMZN,ST,"AMAZON.COM, INC.",2021-02-02,Sale,"$15,001 - $50,000",NEW,,,John Curtis,C001114,2021-02-04,R, UT03,House,,2021-02-05,-29.8483645566955,Utah,2023-11-16
JNJ,ST,JOHNSON & JOHNSON,2021-01-26,Purchase,"$15,001 - $50,000",NEW,VIVIEN G SCOTT IRA,,Austin Scott,S001189,2021-02-12,R, GA08,House,,2021-02-15,-65.7333714809246,Georgia,2023-11-16
FCEL,ST,"FUELCELL ENERGY, INC.",2021-01-14,Sale,"$15,001 - $50,000",NEW,VIVIEN G SCOTT IRA,,Austin Scott,S001189,2021-02-12,R, GA08,House,,2021-02-15,-156.706485946137,Georgia,2023-11-16
PLUG,ST,"PLUG POWER, INC.",2021-01-14,Sale,"$15,001 - $50,000",NEW,VIVIEN G SCOTT IRA,,Austin Scott,S001189,2021-02-12,R, GA08,House,,2021-02-15,-154.874648637068,Georgia,2023-11-16
FCEL,ST,"FUELCELL ENERGY, INC.",2020-12-23,Sale,"$1,001 - $15,000",NEW,VIVIEN G SCOTT IRA,,Austin Scott,S001189,2020-12-30,R, GA08,House,,2020-12-31,-161.045894618875,Georgia,2023-11-16
GE,ST,GENERAL ELECTRIC COMPANY,2020-12-23,Purchase,"$1,001 - $15,000",NEW,VIVIEN G SCOTT IRA,,Austin Scott,S001189,2020-12-30,R, GA08,House,,2020-12-31,176.595808828375,Georgia,2023-11-16
XOM,ST,EXXON MOBIL CORPORATION,2020-12-23,Sale,"$1,001 - $15,000",NEW,VIVIEN G SCOTT IRA,,Austin Scott,S001189,2020-12-30,R, GA08,House,,2020-12-31,128.280526973311,Georgia,2023-11-16
F,ST,FORD MOTOR COMPANY,2020-12-23,Purchase,"$1,001 - $15,000",NEW,VIVIEN G SCOTT IRA,,Austin Scott,S001189,2020-12-30,R, GA08,House,,2020-12-31,-39.0557493617118,Georgia,2023-11-16
CLNE,,CLEAN ENERGY FUELS CORP.,2020-12-23,Sale,"$15,001",,,,Austin Scott,S001189,2020-12-30,R, GA08,House,,2020-12-31,-128.50440096191,Georgia,2023-11-16
AAPL,OP,APPLE INC.,2020-12-22,Purchase,"$250,001 - $500,000",NEW,,PURCHASED 100 CALL OPTIONS WITH A STRIKE PRICE OF $100 AND AN EXPIRATION DATE OF 1/21/22.,Nancy Pelosi,P000197,2021-01-21,D, CA12,House,,2021-01-22,8.04435916818919,California,2023-11-16
DIS,OP,WALT DISNEY COMPANY,2020-12-22,Purchase,"$500,001 - $1,000,000",NEW,,PURCHASED 100 CALL OPTIONS WITH A STRIKE PRICE OF $100 AND AN EXPIRATION DATE OF 1/21/22.,Nancy Pelosi,P000197,2021-01-21,D, CA12,House,,2021-01-22,-102.392270734298,California,2023-11-16
TSLA,OP,"TESLA, INC.",2020-12-22,Purchase,"$500,001 - $1,000,000",NEW,,PURCHASED 25 CALL OPTIONS WITH A STRIKE PRICE OF $500 AND AN EXPIRATION DATE OF 3/18/22.,Nancy Pelosi,P000197,2021-01-21,D, CA12,House,,2021-01-22,-7.93849577082884,California,2023-11-16
AB,ST,ALLIANCEBERNSTEIN HOLDING L.P. UNITS,2020-12-22,Purchase,"$500,001 - $1,000,000",NEW,,"PURCHASED 20,000 SHARES.",Nancy Pelosi,P000197,2021-01-21,D, CA12,House,,2021-01-22,-55.4042549995384,California,2023-11-16
BLDP,ST,"BALLARD POWER SYSTEMS, INC. - COMMON SHARES",2020-12-09,Sale,"$1,001 - $15,000",NEW,VIVIEN G SCOTT IRA,,Austin Scott,S001189,2020-12-30,R, GA08,House,,2020-12-31,-156.396009401899,Georgia,2023-11-16
BLDP,ST,"BALLARD POWER SYSTEMS, INC. - COMMON SHARES",2020-12-07,Purchase,"$1,001 - $15,000",NEW,VIVIEN G SCOTT IRA,,Austin Scott,S001189,2020-12-30,R, GA08,House,,2020-12-31,-155.333519547325,Georgia,2023-11-16
BRKR,ST,BRUKER CORPORATION,2020-11-27,Sale,"$1,001 - $15,000",NEW,CHARLES SWABB ACCOUNT,,Bob Gibbs,G000563,2020-12-24,R, OH07,House,,2020-12-25,-53.9284213687282,Ohio,2023-11-16
FCEL,ST,"FUELCELL ENERGY, INC.",2020-11-24,Sale,"$15,001 - $50,000",NEW,VIVIEN G SCOTT IRA,,Austin Scott,S001189,2020-12-30,R, GA08,House,,2020-12-31,-161.918121690755,Georgia,2023-11-16
ABBV,ST,ABBVIE INC.,2020-11-17,Purchase,"$15,001 - $50,000",NEW,CHARLES SWABB ACCOUNT,,Bob Gibbs,G000563,2020-11-22,R, OH07,House,,2020-11-23,6.00659588731298,Ohio,2023-11-16
PLUG,ST,"PLUG POWER, INC.",2020-11-16,Sale,"$15,001 - $50,000",NEW,VIVIEN G SCOTT IRA,,Austin Scott,S001189,2020-12-30,R, GA08,House,,2020-12-31,-156.993873873874,Georgia,2023-11-16
FCEL,ST,"FUELCELL ENERGY, INC.",2020-11-16,Sale,"$1,001 - $15,000",NEW,VIVIEN G SCOTT IRA,,Austin Scott,S001189,2020-12-30,R, GA08,House,,2020-12-31,-159.569022961546,Georgia,2023-11-16
T,ST,AT&T INC.,2020-11-16,Purchase,"$15,001 - $50,000",NEW,VIVIEN G SCOTT IRA,,Austin Scott,S001189,2020-12-30,R, GA08,House,,2020-12-31,-87.8976916163661,Georgia,2023-11-16
PFE,ST,"PFIZER, INC.",2020-11-16,Sale,"$1,001 - $15,000",NEW,CHARLES SWABB ACCOUNT,,Bob Gibbs,G000563,2020-11-22,R, OH07,House,,2020-11-23,-93.2960544257088,Ohio,2023-11-16
PLUG,ST,"PLUG POWER, INC.",2020-11-13,Sale,"$1,001 - $15,000",NEW,VIVIEN G SCOTT IRA,,Austin Scott,S001189,2020-12-30,R, GA08,House,,2020-12-31,-158.46532341369,Georgia,2023-11-16
FCEL,ST,"FUELCELL ENERGY, INC.",2020-11-09,Sale,"$1,001 - $15,000",NEW,,,Austin Scott,S001189,2020-12-30,R, GA08,House,,2020-12-31,-160.654589739192,Georgia,2023-11-16
BE,ST,BLOOM ENERGY CORPORATION CLASS A,2020-11-09,Sale,"$1,001 - $15,000",NEW,,,Austin Scott,S001189,2020-12-30,R, GA08,House,,2020-12-31,-80.9657471849276,Georgia,2023-11-16
AAPL,ST,APPLE INC.,2020-11-06,Sale,"$500,001 - $1,000,000",NEW,,"CONTRIBUTION OF 4,500 SHARES HELD PERSONALLY TO THE PAUL F. PELOSI ENDOWED FUND AT GEORGETOWN UNIVERSITY.",Nancy Pelosi,P000197,2020-12-10,D, CA12,House,,2020-12-11,19.0318757547673,California,2023-11-16
BE,ST,BLOOM ENERGY CORPORATION CLASS A,2020-10-30,Purchase,"$1,001 - $15,000",NEW,,,Austin Scott,S001189,2020-12-30,R, GA08,House,,2020-12-31,-75.5249352142931,Georgia,2023-11-16
FCEL,ST,"FUELCELL ENERGY, INC.",2020-10-30,Purchase,"$1,001 - $15,000",NEW,,,Austin Scott,S001189,2020-12-30,R, GA08,House,,2020-12-31,-173.186538589821,Georgia,2023-11-16
GE,ST,GENERAL ELECTRIC COMPANY,2020-10-28,Sale,"$1,001 - $15,000",NEW,,,Austin Scott,S001189,2020-12-30,R, GA08,House,,2020-12-31,313.376899345908,Georgia,2023-11-16
AMZN,ST,"AMAZON.COM, INC.",2020-10-09,Sale,"$15,001 - $50,000",NEW,,,John Curtis,C001114,2020-10-16,R, UT03,House,,2020-10-24,-42.0519824138567,Utah,2023-11-16
GOOGL,ST,ALPHABET INC. - CLASS A,2020-10-09,Sale,"$15,001 - $50,000",NEW,,,John Curtis,C001114,2020-10-16,R, UT03,House,,2020-10-24,64.5199471783784,Utah,2023-11-16
HASI,ST,"HANNON ARMSTRONG SUSTAINABLE INFRASTRUCTURE CAPITAL, INC.",2020-10-09,Sale,"$1,001 - $15,000",NEW,,,John Curtis,C001114,2020-10-16,R, UT03,House,,2020-10-24,-112.646527082655,Utah,2023-11-16
TEAM,ST,ATLASSIAN CORPORATION PLC - CLASS A ORDINARY SHARES,2020-10-09,Sale,"$1,001 - $15,000",NEW,,,John Curtis,C001114,2020-10-16,R, UT03,House,,2020-10-24,-45.2156733094255,Utah,2023-11-16
BE,ST,BLOOM ENERGY CORPORATION CLASS A,2020-10-09,Sale,"$1,001 - $15,000",NEW,,,Austin Scott,S001189,2020-12-30,R, GA08,House,,2020-12-31,-112.999795010955,Georgia,2023-11-16
MSFT,ST,MICROSOFT CORPORATION,2020-10-09,Sale,"$1,001 - $15,000",NEW,,,John Curtis,C001114,2020-10-16,R, UT03,House,,2020-10-24,24.6885422755847,Utah,2023-11-16
GE,ST,GENERAL ELECTRIC COMPANY,2020-10-09,Sale,"$1,001 - $15,000",NEW,,,Austin Scott,S001189,2020-12-30,R, GA08,House,,2020-12-31,366.101453249435,Georgia,2023-11-16
ORCL,ST,ORACLE CORPORATION,2020-09-16,Sale,"$1,001 - $15,000",NEW,CHARLES SWABB ACCOUNT,,Bob Gibbs,G000563,2020-09-28,R, OH07,House,,2020-09-29,137.439908786427,Ohio,2023-11-16
CRWD,ST,"CROWDSTRIKE HOLDINGS, INC. - CLASS A",2020-09-03,Purchase,"$500,001 - $1,000,000",NEW,,"PURCHASED 5,000 SHARES.",Nancy Pelosi,P000197,2020-10-04,D, CA12,House,,2020-10-10,96.1536869209665,California,2023-11-16
AAPL,ST,APPLE INC.,2020-09-02,Purchase,"$1,001 - $15,000",NEW,CHARLES SWABB ACCOUNT,,Bob Gibbs,G000563,2020-09-09,R, OH07,House,,2020-09-27,4.31379755496496,Ohio,2023-11-16
GE,ST,GENERAL ELECTRIC COMPANY,2020-08-24,Purchase,"$1,001 - $15,000",NEW,,,Austin Scott,S001189,2020-09-20,R, GA08,House,,2020-09-27,381.248382949814,Georgia,2023-11-16
JNJ,ST,JOHNSON & JOHNSON,2020-08-21,Purchase,"$1,001 - $15,000",NEW,CHARLES SWABB ACCOUNT,,Bob Gibbs,G000563,2020-08-25,R, OH07,House,,2020-08-27,-75.696425031811,Ohio,2023-11-16
BRK.B,ST,BERKSHIRE HATHAWAY INC. NEW,2020-08-13,Sale,"$15,001 - $50,000",NEW,,,John Curtis,C001114,2020-08-25,R, UT03,House,,2020-08-27,43.4358818655526,Utah,2023-11-16
C,ST,"CITIGROUP, INC.",2020-08-13,Purchase,"$1,001 - $15,000",NEW,,,John Curtis,C001114,2020-08-25,R, UT03,House,,2020-08-27,-47.1353719535424,Utah,2023-11-16
CSX,ST,CSX CORPORATION,2020-08-13,Purchase,"$1,001 - $15,000",NEW,,,John Curtis,C001114,2020-08-25,R, UT03,House,,2020-08-27,-29.4951452206391,Utah,2023-11-16
BE,ST,BLOOM ENERGY CORPORATION CLASS A,2020-08-10,Purchase,"$1,001 - $15,000",NEW,,,Austin Scott,S001189,2020-09-20,R, GA08,House,,2020-09-27,-73.6854135015861,Georgia,2023-11-16
FB,ST,"FACEBOOK, INC. - CLASS A",2020-08-07,Sale,"$1,000,001 - $5,000,000",NEW,,"CONTRIBUTION OF 5,000 SHARES HELD PERSONALLY TO THE PAUL & NANCY PELOSI CHARITABLE FOUNDATION VIA TRANSFER",Nancy Pelosi,P000197,2020-09-03,D, CA12,House,,2020-09-05,-49.7266995083941,California,2023-11-16
EMR,ST,EMERSON ELECTRIC COMPANY,2020-07-31,Purchase,"$1,001 - $15,000",NEW,CHARLES SWABB ACCOUNT,,Bob Gibbs,G000563,2020-08-04,R, OH07,House,,2020-08-05,26.9526117752181,Ohio,2023-11-16
FCEL,ST,"FUELCELL ENERGY, INC.",2020-07-23,Sale,"$1,001 - $15,000",NEW,,,Austin Scott,S001189,2020-09-20,R, GA08,House,,2020-09-27,-177.495304191065,Georgia,2023-11-16
FCEL,ST,"FUELCELL ENERGY, INC.",2020-07-21,Purchase,"$1,001 - $15,000",NEW,,,Austin Scott,S001189,2020-09-20,R, GA08,House,,2020-09-27,-176.625337323271,Georgia,2023-11-16
KPLT,ST,"KATAPULT HOLDINGS, INC.",2020-07-16,Purchase,"$15,001 - $50,000",NEW,VIVIEN G SCOTT IRA,,Austin Scott,S001189,2021-08-13,R, GA08,House,,2021-08-16,,Georgia,2023-11-16
NVVE,ST,NUVVE HOLDING CORP.,2020-07-16,Purchase,"$1,001 - $15,000",NEW,VIVIEN G SCOTT IRA,,Austin Scott,S001189,2021-08-13,R, GA08,House,,2021-08-16,,Georgia,2023-11-16
PYPL,OP,"PAYPAL HOLDINGS, INC.",2020-06-24,Purchase,"$250,001 - $500,000",NEW,,PURCHASED 50 CALL OPTIONS WITH A STRIKE PRICE OF $100 AND AN EXPIRATION DATE OF 1/21/2022.,Nancy Pelosi,P000197,2020-07-20,D, CA12,House,,2020-07-26,-143.560229514007,California,2023-11-16
AXP,OP,AMERICAN EXPRESS COMPANY,2020-06-24,Purchase,"$100,001 - $250,000",NEW,,PURCHASED 50 CALL OPTIONS WITH A STRIKE PRICE OF $80 AND AN EXPIRATION DATE OF 1/21/2022.,Nancy Pelosi,P000197,2020-07-20,D, CA12,House,,2020-07-26,105.726340099175,California,2023-11-16
AAPL,OP,APPLE INC.,2020-06-18,Sale,"$1,000,001 - $5,000,000",NEW,,SOLD 100 CALL OPTIONS WITH A STRIKE PRICE OF $145 AND AN EXPIRATION DATE OF 6/19/2020.,Nancy Pelosi,P000197,2020-07-20,D, CA12,House,,2020-07-26,64.4880094911318,California,2023-11-16
NFLX,ST,"NETFLIX, INC.",2020-06-18,Purchase,"$1,000,001 - $5,000,000",NEW,,"EXERCISED 50 CALL OPTIONS (5,000 SHARES) EXPIRING 6/19/2020 AT A STRIKE PRICE OF $250.",Nancy Pelosi,P000197,2020-07-20,D, CA12,House,,2020-07-26,-6.92432871034869,California,2023-11-16
CRM,ST,SALESFORCE.COM INC,2020-06-18,Purchase,"$1,000,001 - $5,000,000",NEW,,"EXERCISED 100 CALL OPTIONS (10,000 SHARES) EXPIRING 6/19/2020 AT A STRIKE PRICE OF $140.",Nancy Pelosi,P000197,2020-07-20,D, CA12,House,,2020-07-26,-9.43126843348979,California,2023-11-16
PYPL,ST,"PAYPAL HOLDINGS, INC.",2020-06-12,Purchase,"$500,001 - $1,000,000",NEW,,"PURCHASED 5,000 SHARES.",Nancy Pelosi,P000197,2020-07-20,D, CA12,House,,2020-07-26,-140.092849218808,California,2023-11-16
PYPL,ST,"PAYPAL HOLDINGS, INC.",2020-06-12,Purchase,"$500,001 - $1,000,000",NEW,,"PURCHASED 5,000 SHARES.",Nancy Pelosi,P000197,2020-07-20,D, CA12,House,,2020-07-26,-140.092849218808,California,2023-11-16
ETP,ST,"ENERGY TRANSFER PARTNERS, L.P. COMMON UNITS REPRESENTING LIMITED PARTNER INTERESTS",2020-05-19,Purchase,"$1,001 - $15,000",NEW,CHARLES SWABB ACCOUNT,,Bob Gibbs,G000563,2020-06-05,R, OH07,House,,2020-07-26,,Ohio,2023-11-16
AAPL,ST,APPLE INC.,2020-05-08,Sale,"$500,001 - $1,000,000",NEW,,"SOLD 1,700 SHARES.",Nancy Pelosi,P000197,2020-06-09,D, CA12,House,,2020-07-26,86.0882266926044,California,2023-11-16
AAPL,ST,APPLE INC.,2020-05-08,Sale,"$500,001 - $1,000,000",NEW,,"SOLD 3,000 SHARES.",Nancy Pelosi,P000197,2020-06-09,D, CA12,House,,2020-07-26,86.0882266926044,California,2023-11-16
AAPL,ST,APPLE INC.,2020-05-08,Sale,"$1,000,001 - $5,000,000",NEW,,"SOLD 3,300 SHARES.",Nancy Pelosi,P000197,2020-06-09,D, CA12,House,,2020-07-26,86.0882266926044,California,2023-11-16
V,ST,VISA INC.,2020-05-08,Sale,"$500,001 - $1,000,000",NEW,,"SOLD 3,000 SHARES.",Nancy Pelosi,P000197,2020-06-09,D, CA12,House,,2020-07-26,-37.0622871686667,California,2023-11-16
V,ST,VISA INC.,2020-05-08,Sale,"$500,001 - $1,000,000",NEW,,"SOLD 3,000 SHARES.",Nancy Pelosi,P000197,2020-06-09,D, CA12,House,,2020-07-26,-37.0622871686667,California,2023-11-16
FB,ST,"FACEBOOK, INC. - CLASS A",2020-05-08,Sale,"$1,000,001 - $5,000,000",NEW,,"SOLD 5,000 SHARES.",Nancy Pelosi,P000197,2020-06-09,D, CA12,House,,2020-07-26,-48.0299068427567,California,2023-11-16
MORN,ST,"MORNINGSTAR, INC.",2020-05-08,Sale,"$100,001 - $250,000",NEW,,"SOLD 1,700 SHARES.",Nancy Pelosi,P000197,2020-06-09,D, CA12,House,,2020-07-26,37.1174212601578,California,2023-11-16
IBKR,ST,"INTERACTIVE BROKERS GROUP, INC. - CLASS A",2020-05-08,Sale,"$100,001 - $250,000",NEW,,"SOLD 3,000 SHARES.",Nancy Pelosi,P000197,2020-06-09,D, CA12,House,,2020-07-26,230.087055164409,California,2023-11-16
MRK,ST,"MERCK & COMPANY, INC. COMMON STOCK",2020-03-27,Purchase,"$1,001 - $15,000",NEW,,,John Curtis,C001114,2020-04-09,R, UT03,House,,2020-07-26,-98.4563541750746,Utah,2023-11-16
MSFT,ST,MICROSOFT CORPORATION,2020-03-27,Purchase,"$15,001 - $50,000",NEW,,,John Curtis,C001114,2020-04-09,R, UT03,House,,2020-07-26,48.257874505345,Utah,2023-11-16
ATVI,ST,"ACTIVISION BLIZZARD, INC",2020-03-27,Purchase,"$1,001 - $15,000",NEW,,,John Curtis,C001114,2020-04-09,R, UT03,House,,2020-07-26,-5.37600894881137,Utah,2023-11-16
AMAT,ST,"APPLIED MATERIALS, INC.",2020-03-27,Purchase,"$1,001 - $15,000",NEW,,,John Curtis,C001114,2020-04-09,R, UT03,House,,2020-07-26,169.972305957965,Utah,2023-11-16
BDX,ST,"BECTON, DICKINSON AND COMPANY",2020-03-27,Purchase,"$1,001 - $15,000",NEW,,,John Curtis,C001114,2020-04-09,R, UT03,House,,2020-07-26,-129.017234705905,Utah,2023-11-16
PG,ST,PROCTER & GAMBLE COMPANY,2020-03-27,Purchase,"$1,001 - $15,000",NEW,,,John Curtis,C001114,2020-04-09,R, UT03,House,,2020-07-26,-84.5741748767692,Utah,2023-11-16
GOOGL,ST,ALPHABET INC. - CLASS A,2020-03-27,Purchase,"$15,001 - $50,000",NEW,,,John Curtis,C001114,2020-04-09,R, UT03,House,,2020-07-26,86.4539671812726,Utah,2023-11-16
PEP,ST,"PEPSICO, INC.",2020-03-27,Purchase,"$1,001 - $15,000",NEW,,,John Curtis,C001114,2020-04-09,R, UT03,House,,2020-07-26,-99.0177714791915,Utah,2023-11-16
CVX,ST,CHEVRON CORPORATION,2020-03-27,Purchase,"$1,001 - $15,000",NEW,,,John Curtis,C001114,2020-04-09,R, UT03,House,,2020-07-26,-5.01210443674003,Utah,2023-11-16
MA,ST,MASTERCARD INCORPORATED,2020-03-27,Purchase,"$1,001 - $15,000",NEW,,,John Curtis,C001114,2020-04-09,R, UT03,House,,2020-07-26,-25.0439724755136,Utah,2023-11-16
SBUX,ST,STARBUCKS CORPORATION,2020-03-27,Purchase,"$1,001 - $15,000",NEW,,,John Curtis,C001114,2020-04-09,R, UT03,House,,2020-07-26,-85.3397196378203,Utah,2023-11-16
DHR,ST,DANAHER CORPORATION,2020-03-27,Purchase,"$1,001 - $15,000",NEW,,,John Curtis,C001114,2020-04-09,R, UT03,House,,2020-07-26,-61.4876424100464,Utah,2023-11-16
ISRG,ST,"INTUITIVE SURGICAL, INC.",2020-03-27,Purchase,"$1,001 - $15,000",NEW,,,John Curtis,C001114,2020-04-09,R, UT03,House,,2020-07-26,92.5341434437847,Utah,2023-11-16
HD,ST,"HOME DEPOT, INC.",2020-03-27,Purchase,"$1,001 - $15,000",NEW,,,John Curtis,C001114,2020-04-09,R, UT03,House,,2020-07-26,-20.5105273381391,Utah,2023-11-16
BAC,ST,BANK OF AMERICA CORPORATION,2020-03-27,Purchase,"$1,001 - $15,000",NEW,,,John Curtis,C001114,2020-04-09,R, UT03,House,,2020-07-26,-23.4157505224885,Utah,2023-11-16
UNP,ST,UNION PACIFIC CORPORATION,2020-03-27,Purchase,"$1,001 - $15,000",NEW,,,John Curtis,C001114,2020-04-09,R, UT03,House,,2020-07-26,-62.882219418569,Utah,2023-11-16
NKE,ST,"NIKE, INC.",2020-03-27,Purchase,"$1,001 - $15,000",NEW,,,John Curtis,C001114,2020-04-09,R, UT03,House,,2020-07-26,-143.838858509726,Utah,2023-11-16
JPM,ST,JP MORGAN CHASE & CO.,2020-03-27,Purchase,"$1,001 - $15,000",NEW,,,John Curtis,C001114,2020-04-09,R, UT03,House,,2020-07-26,28.8560803174594,Utah,2023-11-16
AMZN,ST,"AMAZON.COM, INC.",2020-03-27,Purchase,"$15,001 - $50,000",NEW,,,John Curtis,C001114,2020-04-09,R, UT03,House,,2020-07-26,-10.4203014525565,Utah,2023-11-16
AAPL,ST,APPLE INC.,2020-03-27,Purchase,"$15,001 - $50,000",NEW,,,John Curtis,C001114,2020-04-09,R, UT03,House,,2020-07-26,127.700978037023,Utah,2023-11-16
CMCSA,ST,COMCAST CORPORATION - CLASS A,2020-03-27,Purchase,"$1,001 - $15,000",NEW,,,John Curtis,C001114,2020-04-09,R, UT03,House,,2020-07-26,-108.759216276353,Utah,2023-11-16
AXP,ST,AMERICAN EXPRESS COMPANY,2020-03-27,Purchase,"$1,001 - $15,000",NEW,,,John Curtis,C001114,2020-04-09,R, UT03,House,,2020-07-26,88.3976002169582,Utah,2023-11-16
V,ST,VISA INC.,2020-03-27,Purchase,"$1,001 - $15,000",NEW,,,John Curtis,C001114,2020-04-09,R, UT03,House,,2020-07-26,-44.2195454662314,Utah,2023-11-16
INTC,ST,INTEL CORPORATION,2020-03-27,Purchase,"$1,001 - $15,000",NEW,,,John Curtis,C001114,2020-04-09,R, UT03,House,,2020-07-26,-188.192366693749,Utah,2023-11-16
BLK,ST,"BLACKROCK, INC.",2020-03-27,Purchase,"$1,001 - $15,000",NEW,,,John Curtis,C001114,2020-04-09,R, UT03,House,,2020-07-26,1.59017801276048,Utah,2023-11-16
BRK.B,ST,BERKSHIRE HATHAWAY INC. NEW,2020-03-27,Sale,"$50,001 - $100,000",NEW,,,John Curtis,C001114,2020-04-09,R, UT03,House,,2020-07-26,24.7708395798036,Utah,2023-11-16
ZTS,ST,ZOETIS INC. CLASS A,2020-03-27,Purchase,"$1,001 - $15,000",NEW,,,John Curtis,C001114,2020-04-09,R, UT03,House,,2020-07-26,-77.3801541092191,Utah,2023-11-16
ABT,ST,ABBOTT LABORATORIES,2020-03-27,Purchase,"$1,001 - $15,000",NEW,,,John Curtis,C001114,2020-04-09,R, UT03,House,,2020-07-26,-80.5461749383206,Utah,2023-11-16
TMO,ST,THERMO FISHER SCIENTIFIC INC,2020-03-27,Purchase,"$1,001 - $15,000",NEW,,,John Curtis,C001114,2020-04-09,R, UT03,House,,2020-07-26,-38.2482475051458,Utah,2023-11-16
NVDA,ST,NVIDIA CORPORATION,2020-03-27,Purchase,"$1,001 - $15,000",NEW,,,John Curtis,C001114,2020-04-09,R, UT03,House,,2020-07-26,2079.24458400842,Utah,2023-11-16
HON,ST,HONEYWELL INTERNATIONAL INC.,2020-03-27,Purchase,"$1,001 - $15,000",NEW,,,John Curtis,C001114,2020-04-09,R, UT03,House,,2020-07-26,-58.2267740279014,Utah,2023-11-16
PGR,ST,PROGRESSIVE CORPORATION,2020-03-27,Purchase,"$1,001 - $15,000",NEW,,,John Curtis,C001114,2020-04-09,R, UT03,House,,2020-07-26,119.635159035424,Utah,2023-11-16
UNH,ST,UNITEDHEALTH GROUP INCORPORATED COMMON STOCK,2020-03-27,Purchase,"$1,001 - $15,000",NEW,,,John Curtis,C001114,2020-04-09,R, UT03,House,,2020-07-26,14.117962041385,Utah,2023-11-16
ANTM,ST,"ANTHEM, INC.",2020-03-27,Purchase,"$1,001 - $15,000",NEW,,,John Curtis,C001114,2020-04-09,R, UT03,House,,2020-07-26,62.4228286130244,Utah,2023-11-16
CRM,ST,SALESFORCE.COM INC,2020-03-27,Purchase,"$1,001 - $15,000",NEW,,,John Curtis,C001114,2020-04-09,R, UT03,House,,2020-07-26,-1.72206711305159,Utah,2023-11-16
WM,ST,"WASTE MANAGEMENT, INC.",2020-03-27,Purchase,"$1,001 - $15,000",NEW,,,John Curtis,C001114,2020-04-09,R, UT03,House,,2020-07-26,1.03321181865647,Utah,2023-11-16
LMT,ST,LOCKHEED MARTIN CORPORATION,2020-03-27,Purchase,"$1,001 - $15,000",NEW,,,John Curtis,C001114,2020-04-09,R, UT03,House,,2020-07-26,-75.6844338248849,Utah,2023-11-16
ICE,ST,INTERCONTINENTAL EXCHANGE INC.,2020-03-27,Purchase,"$1,001 - $15,000",NEW,,,John Curtis,C001114,2020-04-09,R, UT03,House,,2020-07-26,-43.9737847105226,Utah,2023-11-16
SYY,ST,SYSCO CORPORATION,2020-03-27,Purchase,"$1,001 - $15,000",NEW,,,John Curtis,C001114,2020-04-09,R, UT03,House,,2020-07-26,-83.8244334869197,Utah,2023-11-16
COST,ST,COSTCO WHOLESALE CORPORATION,2020-03-27,Purchase,"$1,001 - $15,000",NEW,,,John Curtis,C001114,2020-04-09,R, UT03,House,,2020-07-26,92.6197198034631,Utah,2023-11-16
CME,ST,CME GROUP INC. - CLASS A,2020-03-27,Purchase,"$1,001 - $15,000",NEW,,,John Curtis,C001114,2020-04-09,R, UT03,House,,2020-07-26,-102.626400562046,Utah,2023-11-16
DE,ST,DEERE & COMPANY,2020-03-27,Purchase,"$1,001 - $15,000",NEW,,,John Curtis,C001114,2020-04-09,R, UT03,House,,2020-07-26,52.4697522365803,Utah,2023-11-16
LVS,ST,LAS VEGAS SANDS CORP.,2020-03-27,Purchase,"$1,001 - $15,000",NEW,,,John Curtis,C001114,2020-04-09,R, UT03,House,,2020-07-26,-118.128405576592,Utah,2023-11-16
SPGI,ST,S&P GLOBAL INC.,2020-03-27,Purchase,"$1,001 - $15,000",NEW,,,John Curtis,C001114,2020-04-09,R, UT03,House,,2020-07-26,-22.9343173166027,Utah,2023-11-16
TXN,ST,TEXAS INSTRUMENTS INCORPORATED,2020-03-27,Purchase,"$1,001 - $15,000",NEW,,,John Curtis,C001114,2020-04-09,R, UT03,House,,2020-07-26,-31.0803442206642,Utah,2023-11-16
ADBE,ST,ADOBE INC.,2020-03-27,Purchase,"$1,001 - $15,000",NEW,,,John Curtis,C001114,2020-04-09,R, UT03,House,,2020-07-26,-61.6605224909386,Utah,2023-11-16
LRCX,ST,LAM RESEARCH CORPORATION,2020-03-27,Purchase,"$1,001 - $15,000",NEW,,,John Curtis,C001114,2020-04-09,R, UT03,House,,2020-07-26,70.3751987262379,Utah,2023-11-16
MNST,ST,MONSTER BEVERAGE CORPORATION,2020-03-27,Purchase,"$1,001 - $15,000",NEW,,,John Curtis,C001114,2020-04-09,R, UT03,House,,2020-07-26,-35.8123289150324,Utah,2023-11-16
FB,ST,"FACEBOOK, INC. - CLASS A",2020-03-27,Purchase,"$15,001 - $50,000",NEW,,,John Curtis,C001114,2020-04-09,R, UT03,House,,2020-07-26,-36.9088404022037,Utah,2023-11-16
BSX,ST,BOSTON SCIENTIFIC CORPORATION,2020-03-27,Purchase,"$1,001 - $15,000",NEW,,,John Curtis,C001114,2020-04-09,R, UT03,House,,2020-07-26,54.2264052726402,Utah,2023-11-16
MSFT,ST,MICROSOFT CORPORATION,2020-03-11,Purchase,"$1,001 - $15,000",NEW,,,John Curtis,C001114,2020-04-09,R, UT03,House,,2020-07-26,57.7962602406727,Utah,2023-11-16
ZM,ST,"ZOOM VIDEO COMMUNICATIONS, INC. - CLASS A",2020-03-04,Purchase,"$1,001 - $15,000",NEW,,,John Curtis,C001114,2020-04-09,R, UT03,House,,2020-07-26,-118.172022925716,Utah,2023-11-16
TEAM,ST,ATLASSIAN CORPORATION PLC - CLASS A ORDINARY SHARES,2020-03-04,Purchase,"$1,001 - $15,000",NEW,,,John Curtis,C001114,2020-04-09,R, UT03,House,,2020-07-26,-26.270526850003,Utah,2023-11-16
HASI,ST,"HANNON ARMSTRONG SUSTAINABLE INFRASTRUCTURE CAPITAL, INC.",2020-03-04,Purchase,"$1,001 - $15,000",NEW,,,John Curtis,C001114,2020-04-09,R, UT03,House,,2020-07-26,-118.298870857452,Utah,2023-11-16
AMZN,ST,"AMAZON.COM, INC.",2020-03-04,Purchase,"$1,001 - $15,000",NEW,,,John Curtis,C001114,2020-04-09,R, UT03,House,,2020-07-26,25.7388076120171,Utah,2023-11-16
MSFT,OP,MICROSOFT CORPORATION,2020-02-28,Purchase,"$100,001 - $250,000",NEW,,PURCHASED 50 CALL OPTIONS WITH A STRIKE PRICE OF $130 AND AN EXPIRATION DATE OF 3/19/2021.,Nancy Pelosi,P000197,2020-04-01,D, CA12,House,,2020-07-26,60.4105415396712,California,2023-11-16
GOOGL,OP,ALPHABET INC. - CLASS A,2020-02-27,Purchase,"$500,001 - $1,000,000",NEW,,PURCHASED 40 CALL OPTIONS WITH A STRIKE PRICE OF $1200 AND AN EXPIRATION DATE OF 6/18/2021.,Nancy Pelosi,P000197,2020-04-01,D, CA12,House,,2020-07-26,71.2481813040086,California,2023-11-16
MSFT,OP,MICROSOFT CORPORATION,2020-02-21,Purchase,"$500,001 - $1,000,000",NEW,,PURCHASED 100 CALL OPTIONS WITH A STRIKE PRICE OF $130 AND AN EXPIRATION DATE OF 3/19/2021.,Nancy Pelosi,P000197,2020-04-01,D, CA12,House,,2020-07-26,58.9525200129945,California,2023-11-16
WORK,ST,"SLACK TECHNOLOGIES, INC. CLASS A",2020-02-20,Purchase,"$250,001 - $500,000",NEW,,"PURCHASED 10,000 SHARES.",Nancy Pelosi,P000197,2020-04-01,D, CA12,House,,2020-07-26,36.4931716150517,California,2023-11-16
MSFT,OP,MICROSOFT CORPORATION,2020-02-20,Purchase,"$250,001 - $500,000",NEW,,PURCHASED 100 CALL OPTIONS WITH A STRIKE PRICE OF $140 AND AN EXPIRATION DATE OF 3/19/2021.,Nancy Pelosi,P000197,2020-04-01,D, CA12,House,,2020-07-26,53.2826657378252,California,2023-11-16
MPC,ST,MARATHON PETROLEUM CORPORATION,2020-01-24,Sale,"$1,001 - $15,000",NEW,CHARLES SWABB ACCOUNT,,Bob Gibbs,G000563,2020-02-01,R, OH07,House,,2020-07-26,110.218576207158,Ohio,2023-11-16
AMZN,ST,"AMAZON.COM, INC.",2020-01-16,Purchase,"$1,000,001 - $5,000,000",NEW,,"EXERCISED 30 CALL OPTIONS (3,000 SHARES) EXPIRING 1/17/20 AT A STRIKE PRICE OF $1600.",Nancy Pelosi,P000197,2020-02-11,D, CA12,House,,2020-07-26,47.4316516721461,California,2023-11-16
AMZN,ST,"AMAZON.COM, INC.",2020-01-16,Sale,"$250,001 - $500,000",NEW,,"SOLD 20 CALL OPTIONS WITH A STRIKE PRICE OF $1,700 AND AN EXPIRATION DATE OF 1/17/20.",Nancy Pelosi,P000197,2020-02-11,D, CA12,House,,2020-07-26,47.4316516721461,California,2023-11-16
FB,ST,"FACEBOOK, INC. - CLASS A",2020-01-16,Purchase,"$250,001 - $500,000",NEW,,"EXERCISED 30 CALL OPTIONS (3,000 SHARES) EXPIRING 1/17/20 AT A STRIKE PRICE OF $140.",Nancy Pelosi,P000197,2020-02-11,D, CA12,House,,2020-07-26,-35.6581064464014,California,2023-11-16
AMZN,ST,"AMAZON.COM, INC.",2020-01-16,Sale,"$250,001 - $500,000",NEW,,"SOLD 20 CALL OPTIONS WITH A STRIKE PRICE OF $1,600 AND AN EXPIRATION DATE OF 1/17/20.",Nancy Pelosi,P000197,2020-02-11,D, CA12,House,,2020-07-26,47.4316516721461,California,2023-11-16
FB,ST,"FACEBOOK, INC. - CLASS A",2020-01-16,Purchase,"$250,001 - $500,000",NEW,,"EXERCISED 20 CALL OPTIONS (2,000 SHARES) EXPIRING 1/17/20 AT A STRIKE PRICE OF $150.",Nancy Pelosi,P000197,2020-02-11,D, CA12,House,,2020-07-26,-35.6581064464014,California,2023-11-16
SJM,ST,J.M. SMUCKER COMPANY,2020-01-08,Sale,"$15,001 - $50,000",NEW,CHARLES SWABB ACCOUNT,,Bob Gibbs,G000563,2020-01-13,R, OH07,House,,2020-07-26,-76.7277890409612,Ohio,2023-11-16
VZ,ST,VERIZON COMMUNICATIONS INC.,2020-01-08,Purchase,"$1,001 - $15,000",NEW,CHARLES SWABB ACCOUNT,,Bob Gibbs,G000563,2020-01-13,R, OH07,House,,2020-07-26,-115.301485754814,Ohio,2023-11-16
ORCL,ST,ORACLE CORPORATION,2020-01-08,Purchase,"$1,001 - $15,000",NEW,CHARLES SWABB ACCOUNT,,Bob Gibbs,G000563,2020-01-13,R, OH07,House,,2020-07-26,166.122128219286,Ohio,2023-11-16
NLY,ST,ANNALY CAPITAL MANAGEMENT INC,2020-01-08,Purchase,"$1,001 - $15,000",NEW,CHARLES SWABB ACCOUNT,,Bob Gibbs,G000563,2020-01-13,R, OH07,House,,2020-07-26,-132.296405645396,Ohio,2023-11-16
AAPL,ST,APPLE INC.,2020-01-08,Purchase,"$15,001 - $50,000",NEW,CHARLES SWABB ACCOUNT,,Bob Gibbs,G000563,2020-01-13,R, OH07,House,,2020-07-26,112.800712459077,Ohio,2023-11-16
AAPL,ST,APPLE INC.,2020-01-02,Purchase,"$15,001 - $50,000",NEW,CHARLES SWABB ACCOUNT,,Bob Gibbs,G000563,2020-01-06,R, OH07,House,,2020-07-26,115.831265574298,Ohio,2023-11-16
XOM,ST,EXXON MOBIL CORPORATION,2020-01-02,Sale,"$15,001 - $50,000",NEW,CHARLES SWABB ACCOUNT,,Bob Gibbs,G000563,2020-01-06,R, OH07,House,,2020-07-26,-12.6531448326489,Ohio,2023-11-16
T,ST,AT&T INC.,2019-12-23,Purchase,"$1,001 - $15,000",NEW,CHARLES SWABB ACCOUNT,,Bob Gibbs,G000563,2019-12-23,R, OH07,House,,2020-07-26,-128.93393588908,Ohio,2023-11-16
SNAP,ST,SNAP INC. CLASS A,2019-12-23,Sale,"$1,001 - $15,000",NEW,,,John Curtis,C001114,2020-04-09,R, UT03,House,,2020-07-26,-114.287284392197,Utah,2023-11-16
DOMO,ST,"DOMO, INC. - CLASS B",2019-12-23,Sale,"$1,001 - $15,000",NEW,,,John Curtis,C001114,2020-04-09,R, UT03,House,,2020-07-26,-146.509892498469,Utah,2023-11-16
AMZN,ST,"AMAZON.COM, INC.",2019-12-23,Sale,"$1,001 - $15,000",NEW,,,John Curtis,C001114,2020-04-09,R, UT03,House,,2020-07-26,52.8066469965301,Utah,2023-11-16
NEO,ST,"NEOGENOMICS, INC.",2019-12-19,Purchase,"$1,001 - $15,000",NEW,CHARLES SWABB ACCOUNT,,Bob Gibbs,G000563,2019-12-20,R, OH07,House,,2020-07-26,-127.052248581562,Ohio,2023-11-16
MRO,ST,MARATHON OIL CORPORATION,2019-12-19,Sale,"$1,001 - $15,000",NEW,CHARLES SWABB ACCOUNT,,Bob Gibbs,G000563,2019-12-20,R, OH07,House,,2020-07-26,30.9090651721391,Ohio,2023-11-16
AAPL,ST,APPLE INC.,2019-12-19,Purchase,"$1,001 - $15,000",NEW,CHARLES SWABB ACCOUNT,,Bob Gibbs,G000563,2019-12-20,R, OH07,House,,2020-07-26,135.33890266803,Ohio,2023-11-16
ET,ST,ENERGY TRANSFER LP COMMON UNITS,2019-12-19,Sale,"$1,001 - $15,000",NEW,CHARLES SWABB ACCOUNT,,Bob Gibbs,G000563,2019-12-20,R, OH07,House,,2020-07-26,-53.8851863676271,Ohio,2023-11-16
NLY,ST,ANNALY CAPITAL MANAGEMENT INC,2019-12-19,Purchase,"$1,001 - $15,000",NEW,CHARLES SWABB IRA,,Bob Gibbs,G000563,2019-12-20,R, OH07,House,,2020-07-26,-134.769082423426,Ohio,2023-11-16
BA,ST,BOEING COMPANY,2019-12-17,Purchase,"$1,001 - $15,000",NEW,CHARLES SWABB ACCOUNT,,Bob Gibbs,G000563,2019-12-20,R, OH07,House,,2020-07-26,-144.220517673374,Ohio,2023-11-16
DOW,ST,DOW INC.,2019-12-11,Sale,"$1,001 - $15,000",NEW,MERRILL LYNCH - IRA,,Bob Gibbs,G000563,2019-12-20,R, OH07,House,,2020-07-26,-105.386993292163,Ohio,2023-11-16
BP,ST,BP P.L.C.,2019-12-11,Sale,"$1,001 - $15,000",NEW,MERRILL LYNCH - IRA,,Bob Gibbs,G000563,2019-12-20,R, OH07,House,,2020-07-26,-111.968409389119,Ohio,2023-11-16
BRK.A,ST,BERKSHIRE HATHAWAY INC.,2019-11-21,Sale,"$50,001 - $100,000",NEW,,,John Curtis,C001114,2020-04-09,R, UT03,House,,2020-07-26,23.3805419749058,Utah,2023-11-16
BRK.A,ST,BERKSHIRE HATHAWAY INC.,2019-11-21,Sale,"$1,001 - $15,000",NEW,,,John Curtis,C001114,2020-04-09,R, UT03,House,,2020-07-26,23.3805419749058,Utah,2023-11-16
BRKR,ST,BRUKER CORPORATION,2019-11-14,Purchase,"$1,001 - $15,000",NEW,CHARLES SWABB ACCOUNT,,Bob Gibbs,G000563,2019-11-26,R, OH07,House,,2020-07-26,-79.3817509949749,Ohio,2023-11-16
T,ST,AT&T INC.,2019-11-13,Purchase,"$1,001 - $15,000",NEW,CHARLES SWABB ACCOUNT,,Bob Gibbs,G000563,2019-11-26,R, OH07,House,,2020-07-26,-136.422220556959,Ohio,2023-11-16
MRVL,ST,MARVELL TECHNOLOGY GROUP LTD.,2019-11-05,Purchase,"$1,001 - $15,000",NEW,CHARLES SWABB ACCOUNT,,Bob Gibbs,G000563,2019-11-06,R, OH07,House,,2020-07-26,138.380003332547,Ohio,2023-11-16
IIVI,ST,II-VI INCORPORATED,2019-11-05,Purchase,"$1,001 - $15,000",NEW,CHARLES SWABB ACCOUNT,,Bob Gibbs,G000563,2019-11-06,R, OH07,House,,2020-07-26,472.451561466598,Ohio,2023-11-16
KHC,ST,THE KRAFT HEINZ COMPANY,2019-10-28,Sale,$937.42,NEW,CHARLES SWABB ACCOUNT,,Bob Gibbs,G000563,2019-11-06,R, OH07,House,,2020-07-26,-83.7786824169429,Ohio,2023-11-16
F,ST,FORD MOTOR COMPANY,2019-10-28,Sale,"$1,001 - $15,000",NEW,CHARLES SWABB ACCOUNT,,Bob Gibbs,G000563,2019-11-06,R, OH07,House,,2020-07-26,-68.1122585187042,Ohio,2023-11-16
V,ST,VISA INC.,2019-08-07,Sale,"$100,001 - $250,000",NEW,,"SALE OF 1,000 SHARES",Nancy Pelosi,P000197,2019-09-18,D, CA12,House,,2020-07-26,-31.1126502591313,California,2023-11-16
V,ST,VISA INC.,2019-08-07,Sale,"$100,001 - $250,000",NEW,,SALE OF 1.000 SHARES,Nancy Pelosi,P000197,2019-09-18,D, CA12,House,,2020-07-26,-31.1126502591313,California,2023-11-16
DOMO,ST,"DOMO, INC. - CLASS B",2019-08-02,Purchase,"$1,001 - $15,000",NEW,,,John Curtis,C001114,2020-04-09,R, UT03,House,,2020-07-26,-170.117947099513,Utah,2023-11-16
AMZN,ST,"AMAZON.COM, INC.",2019-08-02,Purchase,"$1,001 - $15,000",NEW,,,John Curtis,C001114,2020-04-09,R, UT03,House,,2020-07-26,30.611995102331,Utah,2023-11-16
NFLX,OP,"NETFLIX, INC.",2019-07-22,Purchase,"$100,001 - $250,000",NEW,,PURCHASED 30 CALL OPTIONS WITH A STRIKE PRICE OF $250 AND AN EXPIRATION DATE OF 6/19/20.,Nancy Pelosi,P000197,2019-08-13,D, CA12,House,,2020-07-26,66.6973051966078,California,2023-11-16
AMZN,OP,"AMAZON.COM, INC.",2019-07-22,Purchase,"$500,001 - $1,000,000",NEW,,PURCHASED 20 CALL OPTIONS WITH A STRIKE PRICE OF $1700 AND AN EXPIRATION DATE OF 1/17/20.,Nancy Pelosi,P000197,2019-08-13,D, CA12,House,,2020-07-26,14.9879157062378,California,2023-11-16
NFLX,OP,"NETFLIX, INC.",2019-07-05,Purchase,"$250,001 - $500,000",NEW,,PURCHASED 20 CALL OPTIONS WITH A STRIKE PRICE OF $250 AND AN EXPIRATION DATE OF 6/19/20.,Nancy Pelosi,P000197,2019-08-13,D, CA12,House,,2020-07-26,17.8310254741008,California,2023-11-16
CRM,OP,SALESFORCE.COM INC,2019-06-18,Purchase,"$100,001 - $250,000",NEW,,PURCHASED 80 CALL OPTIONS WITH A STRIKE PRICE OF $140 AND AN EXPIRATION DATE OF 6/19/20.,Nancy Pelosi,P000197,2019-07-11,D, CA12,House,,2020-07-26,22.4479467202321,California,2023-11-16
BX,ST,THE BLACKSTONE GROUP L.P. COMMON UNITS REPRESENTING LIMITED PARTNERSHIP INTERESTS,2019-06-17,Purchase,"$1,001 - $15,000",NEW,CHARLES SWABB ACCOUNT,,Bob Gibbs,G000563,2019-06-18,R, OH07,House,,2020-07-26,203.886884407611,Ohio,2023-11-16
BXMT,ST,"BLACKSTONE MORTGAGE TRUST, INC.",2019-06-17,Purchase,"$1,001 - $15,000",NEW,CHARLES SWABB ACCOUNT,,Bob Gibbs,G000563,2019-06-18,R, OH07,House,,2020-07-26,-156.386876131563,Ohio,2023-11-16
CRM,OP,SALESFORCE.COM INC,2019-06-14,Purchase,"$50,001 - $100,000",NEW,,PURCHASED 20 CALL OPTIONS WITH A STRIKE PRICE OF $140 AND AN EXPIRATION DATE OF 6/19/20.,Nancy Pelosi,P000197,2019-07-11,D, CA12,House,,2020-07-26,21.1006089542077,California,2023-11-16
BA,ST,BOEING COMPANY,2019-06-11,Purchase,"$15,001 - $50,000",NEW,CHARLES SWABB ACCOUNT,,Bob Gibbs,G000563,2019-06-18,R, OH07,House,,2020-07-26,-166.847524964451,Ohio,2023-11-16
UNP,ST,UNION PACIFIC CORPORATION,2019-05-21,Purchase,"$15,001 - $50,000",NEW,CHARLES SWABB ACCOUNT,,Bob Gibbs,G000563,2019-05-28,R, OH07,House,,2020-07-26,-71.3870946193013,Ohio,2023-11-16
DIS,ST,WALT DISNEY COMPANY,2019-05-14,Purchase,"$1,001 - $15,000",NEW,,,John Curtis,C001114,2020-04-09,R, UT03,House,,2020-07-26,-133.829207853106,Utah,2023-11-16
AMZN,ST,"AMAZON.COM, INC.",2019-04-29,Purchase,"$1,001 - $15,000",NEW,,,John Curtis,C001114,2020-04-09,R, UT03,House,,2020-07-26,17.4354031056266,Utah,2023-11-16
BA,ST,BOEING COMPANY,2019-04-29,Sale,"$50,001 - $100,000",NEW,CHARLES SWABB ACCOUNT,,Bob Gibbs,G000563,2019-05-03,R, OH07,House,,2020-07-26,-166.538489462535,Ohio,2023-11-16
DOMO,ST,"DOMO, INC. - CLASS B",2019-04-29,Purchase,"$1,001 - $15,000",NEW,,,John Curtis,C001114,2020-04-09,R, UT03,House,,2020-07-26,-179.592441581261,Utah,2023-11-16
DIN,ST,"DINE BRANDS GLOBAL, INC.",2019-04-26,Sale,"$1,001 - $15,000",NEW,,,John Curtis,C001114,2020-04-09,R, UT03,House,,2020-07-26,-166.513893864244,Utah,2023-11-16
CMG,ST,"CHIPOTLE MEXICAN GRILL, INC.",2019-04-16,Sale,"$15,001 - $50,000",NEW,,,John Curtis,C001114,2020-04-09,R, UT03,House,,2020-07-26,213.451271937877,Utah,2023-11-16
NLY,ST,ANNALY CAPITAL MANAGEMENT INC,2019-03-26,Purchase,"$1,001 - $15,000",NEW,CHARLES SWABB ACCOUNT,,Bob Gibbs,G000563,2019-03-31,R, OH07,House,,2020-07-26,-164.929343274491,Ohio,2023-11-16
NLY,ST,ANNALY CAPITAL MANAGEMENT INC,2019-03-22,Purchase,"$1,001 - $15,000",NEW,CHARLES SWABB ACCOUNT,,Bob Gibbs,G000563,2019-03-25,R, OH07,House,,2020-07-26,-166.226509910736,Ohio,2023-11-16
FCEL,OP,"FUELCELL ENERGY, INC.",2019-03-05,Purchase,"$1,001 - $15,000",NEW,,FCEL JUL 19'19 $1 CALL,Austin Scott,S001189,2019-03-06,R, GA08,House,,2020-07-26,-210.567924187766,Georgia,2023-11-16
BFET,ST,BF ENTERPRISES COMMON STOCK NEW,2019-02-07,Sale,"$1,001 - $15,000",NEW,,FINAL CASH LIQUIDATION INITIATED BY CORPORATION.,Nancy Pelosi,P000197,2019-03-11,D, CA12,House,,2020-07-26,,California,2023-11-16
FCEL,ST,"FUELCELL ENERGY, INC.",2019-01-25,Sale,"$1,001 - $15,000",NEW,,,Austin Scott,S001189,2019-03-06,R, GA08,House,,2020-07-26,-221.636906988762,Georgia,2023-11-16
FCEL,OP,"FUELCELL ENERGY, INC.",2019-01-25,Purchase,"$1,001 - $15,000",NEW,,JULY 19'19 $1 CALL,Austin Scott,S001189,2019-03-06,R, GA08,House,,2020-07-26,-221.636906988762,Georgia,2023-11-16
AAPL,ST,APPLE INC.,2019-01-08,Purchase,"$1,001 - $15,000",NEW,CHARLES SWABB ACCOUNT,,Bob Gibbs,G000563,2019-01-13,R, OH07,House,,2020-07-26,364.614615123771,Ohio,2023-11-16
ARAV,ST,"ARAVIVE, INC.",2018-12-28,Sale,$158.65,NEW,CHARLES SWABB ACCOUNT,,Bob Gibbs,G000563,2019-01-13,R, OH07,House,,2020-07-26,-195.623309302275,Ohio,2023-11-16
T,ST,AT&T INC.,2018-10-24,Purchase,"$250,001 - $500,000",NEW,,"PURCHASED 10,000 SHARES.",Nancy Pelosi,P000197,2018-11-08,D, CA12,House,,2020-07-26,-151.763447701339,California,2023-11-16
AMZN,ST,"AMAZON.COM, INC.",2018-10-12,Purchase,"$1,000,001 - $5,000,000",NEW,,PURCHASED 30 CALL OPTIONS WITH A STRIKE PRICE OF $1600 AND AN EXPIRATION DATE OF 1/17/20.,Nancy Pelosi,P000197,2018-11-08,D, CA12,House,,2020-07-26,22.9093033305016,California,2023-11-16
FB,ST,"FACEBOOK, INC. - CLASS A",2018-10-09,Purchase,"$100,001 - $250,000",NEW,,PURCHASED 30 CALL OPTIONS WITH A STRIKE PRICE OF $140 AND AN EXPIRATION DATE OF 1/17/20.,Nancy Pelosi,P000197,2018-11-08,D, CA12,House,,2020-07-26,-18.5730451547323,California,2023-11-16
BA,ST,BOEING COMPANY,2018-10-04,Purchase,"$15,001 - $50,000",NEW,CHARLES SWABB ACCOUNT,,Bob Gibbs,G000563,2018-10-04,R, OH07,House,,2020-07-26,-170.4805585094,Ohio,2023-11-16
UNP,ST,UNION PACIFIC CORPORATION,2018-10-04,Purchase,"$1,001 - $15,000",NEW,CHARLES SWABB IRA,,Bob Gibbs,G000563,2018-10-04,R, OH07,House,,2020-07-26,-60.1720007719917,Ohio,2023-11-16
AAPL,ST,APPLE INC.,2018-09-20,Purchase,"$500,001 - $1,000,000",NEW,,"EXERCISED 50 CALL OPTIONS (5,000 SHARES) EXPIRING 9/21/18 AT A STRIKE PRICE OF $140.",Nancy Pelosi,P000197,2018-10-25,D, CA12,House,,2020-07-26,205.720382809034,California,2023-11-16
AAPL,ST,APPLE INC.,2018-09-20,Purchase,"$500,001 - $1,000,000",NEW,,"EXERCISED 50 CALL OPTIONS (5,000 SHARES) EXPIRING 9/21/18 AT A STRIKE PRICE OF $130.",Nancy Pelosi,P000197,2018-10-25,D, CA12,House,,2020-07-26,205.720382809034,California,2023-11-16
MA,ST,MASTERCARD INCORPORATED,2018-09-19,Purchase,"$15,001 - $50,000",NEW,CHARLES SWABB ACCOUNT,,Bob Gibbs,G000563,2018-09-19,R, OH07,House,,2020-07-26,34.0178690888778,Ohio,2023-11-16
AAPL,ST,APPLE INC.,2018-09-11,Purchase,"$500,001 - $1,000,000",NEW,,PURCHASED 100 CALL OPTIONS WITH A STRIKE PRICE OF $145 AND AN EXPIRATION DATE OF 6/19/20.,Nancy Pelosi,P000197,2018-10-25,D, CA12,House,,2020-07-26,195.618518639583,California,2023-11-16
NLY,ST,ANNALY CAPITAL MANAGEMENT INC,2018-09-06,Sale,"$15,001 - $50,000",NEW,CHARLES SWABB ACCOUNT,,Bob Gibbs,G000563,2018-09-19,R, OH07,House,,2020-07-26,-160.873090898792,Ohio,2023-11-16
NLY,ST,ANNALY CAPITAL MANAGEMENT INC,2018-08-27,Purchase,"$1,001 - $15,000",NEW,CHARLES SWABB ACCOUNT,,Bob Gibbs,G000563,2018-09-03,R, OH07,House,,2020-07-26,-159.981345782946,Ohio,2023-11-16
AMZN,ST,"AMAZON.COM, INC.",2018-07-27,Purchase,"$500,001 - $1,000,000",NEW,,PURCHASE OF 20 CALL OPTIONS WITH A STRIKE PRICE OF $1700 AND AN EXPIRATION DATE OF 1/17/20.,Nancy Pelosi,P000197,2018-09-06,D, CA12,House,,2020-07-26,23.311372599683,California,2023-11-16
FB,ST,"FACEBOOK, INC. - CLASS A",2018-07-27,Purchase,"$50,001 - $100,000",NEW,,PURCHASE OF 20 CALL OPTIONS WITH A STRIKE PRICE OF $150 AND AN EXPIRATION DATE OF 1/17/20.,Nancy Pelosi,P000197,2018-09-06,D, CA12,House,,2020-07-26,-33.7370906657595,California,2023-11-16
NLY,ST,ANNALY CAPITAL MANAGEMENT INC,2018-07-03,Sale,"$15,001 - $50,000",NEW,CHARLES SWABB ACCOUNT,,Bob Gibbs,G000563,2018-07-03,R, OH07,House,,2020-07-26,-173.742292600493,Ohio,2023-11-16
NLY,ST,ANNALY CAPITAL MANAGEMENT INC,2018-06-13,Purchase,"$1,001 - $15,000",NEW,CHARLES SWABB ACCOUNT,,Bob Gibbs,G000563,2018-07-03,R, OH07,House,,2020-07-26,-167.971519099396,Ohio,2023-11-16
MSFT,ST,MICROSOFT CORPORATION,2018-05-30,Purchase,"$1,001 - $15,000",NEW,CHARLES SWABB ACCOUNT,,Bob Gibbs,G000563,2018-06-09,R, OH07,House,,2020-07-26,210.459549724001,Ohio,2023-11-16
NLY,ST,ANNALY CAPITAL MANAGEMENT INC,2018-05-24,Purchase,"$1,001 - $15,000",NEW,CHARLES SWABB ACCOUNT,,Bob Gibbs,G000563,2018-05-28,R, OH07,House,,2020-07-26,-171.906857345657,Ohio,2023-11-16
T,ST,AT&T INC.,2018-05-21,Sale,"$15,001 - $50,000",NEW,CHARLES SWABB ACCOUNT,,Bob Gibbs,G000563,2018-05-28,R, OH07,House,,2020-07-26,-150.232750778866,Ohio,2023-11-16
SEP,ST,"SPECTRA ENERGY PARTNERS, LP COMMON UNITS REPRESENTING LIMITED PARTNER INTERESTS",2018-04-20,Purchase,"$1,001 - $15,000",NEW,CHARLES SWABB ACCOUNT,,Bob Gibbs,G000563,2018-04-24,R, OH07,House,,2020-07-26,4.54691047996322,Ohio,2023-11-16
KO,ST,COCA-COLA COMPANY,2018-04-17,Sale,"$15,001 - $50,000",NEW,CHARLES SWABB ACCOUNT,,Bob Gibbs,G000563,2018-04-24,R, OH07,House,,2020-07-26,-80.8125188238655,Ohio,2023-11-16
CAT,ST,"CATERPILLAR, INC.",2018-04-17,Purchase,"$15,001 - $50,000",NEW,CHARLES SWABB ACCOUNT,,Bob Gibbs,G000563,2018-04-24,R, OH07,House,,2020-07-26,31.2885263130892,Ohio,2023-11-16
MSFT,ST,MICROSOFT CORPORATION,2018-04-11,Purchase,"$15,001 - $50,000",NEW,CHARLES SWABB ACCOUNT,,Bob Gibbs,G000563,2018-04-24,R, OH07,House,,2020-07-26,236.240522156816,Ohio,2023-11-16
NLY,,ANNALY CAPITAL MANAGEMENT INC,2018-03-29,Sale,"$1,001 - $15,000",NEW,CHARLES SWABB ACCOUNT,,Bob Gibbs,G000563,2018-04-09,R, OH07,House,,2020-07-26,-179.769122225468,Ohio,2023-11-16
AMZN,,"AMAZON.COM, INC.",2018-03-29,Sale,"$15,001 - $50,000",NEW,CHARLES SWABB ACCOUNT,,Bob Gibbs,G000563,2018-04-09,R, OH07,House,,2020-07-26,69.056155570155,Ohio,2023-11-16
DBX,,"DROPBOX, INC. - CLASS A",2018-03-27,Purchase,"$250,001 - $500,000",NEW,,"PURCHASE OF 10,000 SHARES",Nancy Pelosi,P000197,2018-04-16,D, CA12,House,,2020-07-26,-136.077606899099,California,2023-11-16
NLY,,ANNALY CAPITAL MANAGEMENT INC,2018-03-09,Purchase,"$1,001 - $15,000",NEW,CHARLES SWABB ACCOUNT,,Bob Gibbs,G000563,2018-03-16,R, OH07,House,,2020-07-26,-166.818472425343,Ohio,2023-11-16
CAH,,"CARDINAL HEALTH, INC.",2018-02-27,Sale,"$1,001 - $15,000",NEW,CHARLES SWABB ACCOUNT,,Bob Gibbs,G000563,2018-03-03,R, OH07,House,,2020-07-26,-38.8074710970948,Ohio,2023-11-16
AAPL,,APPLE INC.,2018-02-05,Purchase,"$1,001 - $15,000",NEW,CHARLES SWABB ACCOUNT,,Bob Gibbs,G000563,2018-02-16,R, OH07,House,,2020-07-26,349.289653948325,Ohio,2023-11-16
AAPL,,APPLE INC.,2018-02-02,Purchase,"$100,001 - $250,000",NEW,,PURCHASE OF 50 CALL OPTIONS WITH A STRIKE PRICE OF $140 AND AN EXPIRATION DATE OF 9/21/18.,Nancy Pelosi,P000197,2018-02-26,D, CA12,House,,2020-07-26,344.201671900198,California,2023-11-16
AAPL,,APPLE INC.,2018-02-02,Purchase,"$100,001 - $250,000",NEW,,PURCHASE OF 50 CALL OPTIONS WITH A STRIKE PRICE OF $130 AND AN EXPIRATION DATE OF 9/21/18.,Nancy Pelosi,P000197,2018-02-26,D, CA12,House,,2020-07-26,344.201671900198,California,2023-11-16
GXP,,GREAT PLAINS ENERGY INCORPORATED,2018-01-09,Sale,"$1,001 - $15,000",NEW,CHARLES SWABB ACCOUNT,,Bob Gibbs,G000563,2018-01-24,R, OH07,House,,2020-07-26,1.6298133483557,Ohio,2023-11-16
AAPL,,APPLE INC.,2017-12-29,Sale,"$250,001 - $500,000",NEW,,"CONTRIBUTION OF 2,800 SHARES HELD PERSONALLY TO THE PAUL & NANCY PELOSI CHARITABLE FOUNDATION VIA TRANSFER",Nancy Pelosi,P000197,2018-01-10,D, CA12,House,,2020-07-26,308.275299661037,California,2023-11-16
AAPL,,APPLE INC.,2017-12-28,Sale,"$1,000,001 - $5,000,000",NEW,,"SALE OF 9,000 SHARES",Nancy Pelosi,P000197,2018-01-10,D, CA12,House,,2020-07-26,303.294261100059,California,2023-11-16
V,,VISA INC.,2017-12-28,Sale,"$500,001 - $1,000,000",NEW,,"SALE OF 5,000 SHARES",Nancy Pelosi,P000197,2018-01-10,D, CA12,House,,2020-07-26,47.5867790464395,California,2023-11-16
V,,VISA INC.,2017-12-21,Sale,"$100,001 - $250,000",NEW,,"CONTRIBUTION OF 1,750 SHARES HELD PERSONALLY TO ISOLEP ENTERPRISES VIA TRANSFER BETWEEN BROKERAGE ACCOUNTS.",Nancy Pelosi,P000197,2018-01-10,D, CA12,House,,2020-07-26,53.0882138453147,California,2023-11-16
AAPL,,APPLE INC.,2017-12-21,Sale,"$100,001 - $250,000",NEW,,"CONTRIBUTION OF 1,300 SHARES HELD PERSONALLY TO ISOLEP ENTERPRISES VIA TRANSFER BETWEEN BROKERAGE ACCOUNTS.",Nancy Pelosi,P000197,2018-01-10,D, CA12,House,,2020-07-26,292.305227896149,California,2023-11-16
CQP,,"CHENIERE ENERGY PARTNERS, LP CHENIERE ENERGY PARTNERS, LP COMMON UNITS",2017-12-08,Sale,"$1,001 - $15,000",NEW,CHARLES SWABB IRA,,Bob Gibbs,G000563,2017-12-11,R, OH07,House,,2020-07-26,-39.4148176279908,Ohio,2023-11-16
AAPL,,APPLE INC.,2017-11-28,Purchase,"$15,001 - $50,000",NEW,CHARLES SWABB ACCOUNT,,Bob Gibbs,G000563,2017-12-11,R, OH07,House,,2020-07-26,292.881195544953,Ohio,2023-11-16
X,,UNITED STATES STEEL CORPORATION,2017-10-31,Purchase,"$1,001 - $15,000",NEW,CHARLES SWABB ACCOUNT,,Bob Gibbs,G000563,2017-11-05,R, OH07,House,,2020-07-26,-83.1831580041759,Ohio,2023-11-16
BA,,BOEING COMPANY,2017-10-31,Purchase,"$1,001 - $15,000",NEW,CHARLES SWABB ACCOUNT,,Bob Gibbs,G000563,2017-11-05,R, OH07,House,,2020-07-26,-178.255608113893,Ohio,2023-11-16
BP,,BP P.L.C.,2017-10-24,Sale,"$1,001 - $15,000",NEW,MERRILL LYNCH - IRA,,Bob Gibbs,G000563,2017-11-05,R, OH07,House,,2020-07-26,-151.773207638547,Ohio,2023-11-16
CAT,,"CATERPILLAR, INC.",2017-10-05,Purchase,"$1,001 - $15,000",NEW,CHARLES SWABB ACCOUNT,,Bob Gibbs,G000563,2017-10-10,R, OH07,House,,2020-07-26,71.4977493627592,Ohio,2023-11-16
HON,,HONEYWELL INTERNATIONAL INC.,2017-10-05,Purchase,"$1,001 - $15,000",NEW,CHARLES SWABB ACCOUNT,,Bob Gibbs,G000563,2017-10-10,R, OH07,House,,2020-07-26,-71.8222468018164,Ohio,2023-11-16
NLY,,ANNALY CAPITAL MANAGEMENT INC,2017-10-05,Sale,"$1,001 - $15,000",NEW,CHARLES SWABB ACCOUNT,,Bob Gibbs,G000563,2017-10-10,R, OH07,House,,2020-07-26,-195.108161048071,Ohio,2023-11-16
NLY,,ANNALY CAPITAL MANAGEMENT INC,2017-09-20,Purchase,"$1,001 - $15,000",NEW,CHARLES SWABB ACCOUNT,,Bob Gibbs,G000563,2017-10-01,R, OH07,House,,2020-07-26,-199.315185730539,Ohio,2023-11-16
HON,,HONEYWELL INTERNATIONAL INC.,2017-09-01,Purchase,"$1,001 - $15,000",NEW,CHARLES SWABB ACCOUNT,,Bob Gibbs,G000563,2017-09-10,R, OH07,House,,2020-07-26,-71.7851382124644,Ohio,2023-11-16
NLY,,ANNALY CAPITAL MANAGEMENT INC,2017-08-22,Sale,"$15,001 - $50,000",NEW,CHARLES SWABB ACCOUNT,,Bob Gibbs,G000563,2017-09-10,R, OH07,House,,2020-07-26,-204.182711324446,Ohio,2023-11-16
NLY,,ANNALY CAPITAL MANAGEMENT INC,2017-07-17,Purchase,"$1,001 - $15,000",NEW,CHARLES SWABB ACCOUNT,,Bob Gibbs,G000563,2017-08-06,R, OH07,House,,2020-07-26,-203.464127206896,Ohio,2023-11-16
NLY,,ANNALY CAPITAL MANAGEMENT INC,2017-06-20,Purchase,"$1,001 - $15,000",NEW,CHARLES SWABB ACCOUNT,,Bob Gibbs,G000563,2017-07-05,R, OH07,House,,2020-07-26,-205.24183350964,Ohio,2023-11-16
BFET,,BF ENTERPRISES COMMON STOCK NEW,2017-06-20,Sale,"$1,001 - $15,000",NEW,,PARTIAL CASH LIQUIDATION INITIATED BY CORPORATION.,Nancy Pelosi,P000197,2017-07-20,D, CA12,House,,2020-07-26,,California,2023-11-16
AAPL,,APPLE INC.,2017-06-15,Purchase,"$500,001 - $1,000,000",NEW,,"EXERCISED 100 CALL OPTIONS (10,000 SHARES) EXPIRING 6/16/17 AT A STRIKE PRICE OF $80",Nancy Pelosi,P000197,2017-07-20,D, CA12,House,,2020-07-26,378.765757920866,California,2023-11-16
VSAR,,"VERSARTIS, INC.",2017-03-22,Purchase,"$1,001 - $15,000",NEW,CHARLES SWABB ACCOUNT,,Bob Gibbs,G000563,2017-03-27,R, OH07,House,,2020-07-26,-111.390358286251,Ohio,2023-11-16
XOM,,EXXON MOBIL CORPORATION,2017-03-22,Purchase,"$1,001 - $15,000",NEW,CHARLES SWABB ACCOUNT,,Bob Gibbs,G000563,2017-03-27,R, OH07,House,,2020-07-26,-106.770055841526,Ohio,2023-11-16
NTAP,,"NETAPP, INC.",2017-02-06,Purchase,"$1,001 - $15,000",NEW,CHARLES SWABB ACCOUNT,,Bob Gibbs,G000563,2017-02-06,R, OH07,House,,2020-07-26,50.7975571207321,Ohio,2023-11-16
UNP,,UNION PACIFIC CORPORATION,2017-02-06,Purchase,"$1,001 - $15,000",NEW,CHARLES SWABB IRA,,Bob Gibbs,G000563,2017-02-06,R, OH07,House,,2020-07-26,-37.9514599425934,Ohio,2023-11-16
BA,,BOEING COMPANY,2017-01-30,Purchase,"$15,001 - $50,000",NEW,CHARLES SWABB ACCOUNT,,Bob Gibbs,G000563,2017-02-06,R, OH07,House,,2020-07-26,-178.180658708462,Ohio,2023-11-16
AAPL,,APPLE INC.,2017-01-20,Sale,"$250,001 - $500,000",NEW,,SALE OF 100 CALL OPTIONS WITH A STRIKE PRICE OF $90 AND AN EXPIRATION DATE OF 1/20/17,Nancy Pelosi,P000197,2017-02-14,D, CA12,House,,2020-07-26,486.608139143804,California,2023-11-16
SQ,,"SQUARE, INC. CLASS A",2017-01-20,Purchase,"$15,001 - $50,000",NEW,,"EXERCISED 50 CALL OPTIONS (5,000 SHARES) EXPIRING 1/20/17 AT A STRIKE PRICE OF $8",Nancy Pelosi,P000197,2017-02-14,D, CA12,House,,2020-07-26,312.568112280137,California,2023-11-16
AAPL,,APPLE INC.,2017-01-19,Purchase,"$500,001 - $1,000,000",NEW,,"EXERCISED 100 CALL OPTIONS (10,000 SHARES) EXPIRING 1/20/17 AT A STRIKE PRICE OF $90",Nancy Pelosi,P000197,2017-02-14,D, CA12,House,,2020-07-26,487.134473389524,California,2023-11-16
V,,VISA INC.,2017-01-17,Purchase,"$1,001 - $15,000",NEW,CHARLES SWABB ACCOUNT,,Bob Gibbs,G000563,2017-01-17,R, OH07,House,,2020-07-26,116.539051390627,Ohio,2023-11-16
PG,,PROCTER & GAMBLE COMPANY,2017-01-09,Sale,"$1,001 - $15,000",NEW,CHARLES SWABB IRA,,Bob Gibbs,G000563,2017-01-17,R, OH07,House,,2020-07-26,-66.650528916334,Ohio,2023-11-16
NTAP,,"NETAPP, INC.",2016-12-16,Purchase,"$1,001 - $15,000",NEW,CHARLES SWABB ACCOUNT,,Bob Gibbs,G000563,2016-12-30,R, OH07,House,,2020-07-26,64.2183851453534,Ohio,2023-11-16
FGP,,"FERRELLGAS PARTNERS, L.P.",2016-12-12,Sale,"$1,001 - $15,000",NEW,CHARLES SWABB ACCOUNT,,Bob Gibbs,G000563,2016-12-16,R, OH07,House,,2020-07-26,-138.619841443389,Ohio,2023-11-16
ALLE,,ALLEGION PLC ORDINARY SHARES,2016-12-06,Sale,"$1,001 - $15,000",NEW,MERRILL LYNCH - IRA,,Bob Gibbs,G000563,2016-12-16,R, OH07,House,,2020-07-26,-52.9730750341889,Ohio,2023-11-16
SUN,,SUNOCO LP COMMON UNITS REPRESENTING LIMITED PARTNER INTERESTS,2016-11-07,Sale,"$1,001 - $15,000",NEW,CHARLES SWABB ACCOUNT,,Bob Gibbs,G000563,2016-11-20,R, OH07,House,,2020-07-26,-88.9521977011718,Ohio,2023-11-16
NLY,,ANNALY CAPITAL MANAGEMENT INC,2016-09-12,Purchase,"$1,001 - $15,000",NEW,CHARLES SWABB ACCOUNT,,Bob Gibbs,G000563,2016-09-12,R, OH07,House,,2020-07-26,-230.517667354602,Ohio,2023-11-16
KTOS,,"KRATOS DEFENSE & SECURITY SOLUTIONS, INC.",2016-09-08,Sale,"$1,001 - $15,000",NEW,CHARLES SWABB ACCOUNT,,Bob Gibbs,G000563,2016-09-12,R, OH07,House,,2020-07-26,127.499348293568,Ohio,2023-11-16
NLY,,ANNALY CAPITAL MANAGEMENT INC,2016-09-08,Purchase,"$1,001 - $15,000",NEW,CHARLES SWABB ACCOUNT,,Bob Gibbs,G000563,2016-09-12,R, OH07,House,,2020-07-26,-228.595738637147,Ohio,2023-11-16
AAPL,,APPLE INC.,2016-09-01,Sale,"$15,001 - $50,000",NEW,CHARLES SWABB ACCOUNT,,Bob Gibbs,G000563,2016-09-06,R, OH07,House,,2020-07-26,568.46845412802,Ohio,2023-11-16
MPC,,MARATHON PETROLEUM CORPORATION,2016-08-31,Purchase,"$1,001 - $15,000",NEW,CHARLES SWABB ACCOUNT,,Bob Gibbs,G000563,2016-08-31,R, OH07,House,,2020-07-26,99.1129817183448,Ohio,2023-11-16
FGP,,"FERRELLGAS PARTNERS, L.P.",2016-08-31,Purchase,"$1,001 - $15,000",NEW,CHARLES SWABB ACCOUNT,,Bob Gibbs,G000563,2016-08-31,R, OH07,House,,2020-07-26,-148.587016371502,Ohio,2023-11-16
JNJ,,JOHNSON & JOHNSON,2016-07-28,Purchase,"$1,001 - $15,000",NEW,CHARLES SWABB ACCOUNT,,Bob Gibbs,G000563,2016-08-05,R, OH07,House,,2020-07-26,-152.867659590895,Ohio,2023-11-16
PCLN,,THE PRICELINE GROUP INC.,2016-07-28,Sale,"$1,001 - $15,000",NEW,CHARLES SWABB ACCOUNT,,Bob Gibbs,G000563,2016-08-05,R, OH07,House,,2020-07-26,15.3157167787563,Ohio,2023-11-16
MGRC,,MCGRATH RENTCORP,2016-07-21,Sale,"$250,001 - $500,000",NEW,,"SALE OF 8,000 SHARES",Nancy Pelosi,P000197,2016-08-17,D, CA12,House,,2020-07-26,94.7403405581838,California,2023-11-16
V,,VISA INC.,2016-07-21,Sale,"$50,001 - $100,000",NEW,,"SALE OF 1,250 SHARES",Nancy Pelosi,P000197,2016-08-17,D, CA12,House,,2020-07-26,116.076079997805,California,2023-11-16
HSY,,THE HERSHEY COMPANY,2016-07-05,Sale,"$1,001 - $15,000",NEW,CHARLES SWABB ACCOUNT,,Bob Gibbs,G000563,2016-07-09,R, OH07,House,,2020-07-26,-120.226929523505,Ohio,2023-11-16
MDT,,MEDTRONIC PLC. ORDINARY SHARES,2016-07-05,Purchase,"$15,001 - $50,000",NEW,CHARLES SWABB ACCOUNT,,Bob Gibbs,G000563,2016-07-09,R, OH07,House,,2020-07-26,-186.017645932583,Ohio,2023-11-16
T,,AT&T INC.,2016-07-05,Purchase,"$1,001 - $15,000",NEW,CHARLES SWABB ACCOUNT,,Bob Gibbs,G000563,2016-07-09,R, OH07,House,,2020-07-26,-235.632756632065,Ohio,2023-11-16
XOM,,EXXON MOBIL CORPORATION,2016-07-05,Purchase,"$15,001 - $50,000",NEW,CHARLES SWABB ACCOUNT,,Bob Gibbs,G000563,2016-07-09,R, OH07,House,,2020-07-26,-156.489689335205,Ohio,2023-11-16
MDLZ,,"MONDELEZ INTERNATIONAL, INC. - CLASS A",2016-06-30,Sale,"$1,001 - $15,000",NEW,CHARLES SWABB ACCOUNT,,Bob Gibbs,G000563,2016-07-09,R, OH07,House,,2020-07-26,-140.632495265246,Ohio,2023-11-16
NLY,,ANNALY CAPITAL MANAGEMENT INC,2016-06-30,Sale,"$15,001 - $50,000",NEW,CHARLES SWABB ACCOUNT,,Bob Gibbs,G000563,2016-07-09,R, OH07,House,,2020-07-26,-241.346624028155,Ohio,2023-11-16
NLY,,ANNALY CAPITAL MANAGEMENT INC,2016-06-23,Purchase,"$1,001 - $15,000",NEW,CHARLES SWABB ACCOUNT,,Bob Gibbs,G000563,2016-06-26,R, OH07,House,,2020-07-26,-238.312321193128,Ohio,2023-11-16
NLY,,ANNALY CAPITAL MANAGEMENT INC,2016-06-07,Purchase,"$1,001 - $15,000",NEW,CHARLES SWABB ACCOUNT,,Bob Gibbs,G000563,2016-06-12,R, OH07,House,,2020-07-26,-237.128195360625,Ohio,2023-11-16
KO,,COCA-COLA COMPANY,2016-06-07,Purchase,"$15,001 - $50,000",NEW,CHARLES SWABB ACCOUNT,,Bob Gibbs,G000563,2016-06-12,R, OH07,House,,2020-07-26,-143.702223256431,Ohio,2023-11-16
BUD,,ANHEUSER-BUSCH INBEV SA SPONSORED ADR,2016-06-06,Sale,"$50,001 - $100,000",NEW,CHARLES SWABB ACCOUNT,,Bob Gibbs,G000563,2016-06-12,R, OH07,House,,2020-07-26,-240.3604152311,Ohio,2023-11-16
SQ,,"SQUARE, INC. CLASS A",2016-05-17,Purchase,"$1,001 - $15,000",NEW,,PURCHASE OF 50 CALL OPTIONS WITH A STRIKE PRICE OF $8 AND AN EXPIRATION DATE OF 1/20/17,Nancy Pelosi,P000197,2016-05-24,D, CA12,House,,2020-07-26,642.75900495215,California,2023-11-16
AAPL,,APPLE INC.,2016-05-17,Purchase,"$100,001 - $250,000",NEW,,PURCHASE OF 100 CALL OPTIONS WITH A STRIKE PRICE OF $80 AND AN EXPIRATION DATE OF 6/16/17,Nancy Pelosi,P000197,2016-05-24,D, CA12,House,,2020-07-26,671.083845305329,California,2023-11-16
SUN,,SUNOCO LP COMMON UNITS REPRESENTING LIMITED PARTNER INTERESTS,2016-04-27,Purchase,"$15,001 - $50,000",NEW,CHARLES SWABB ACCOUNT,,Bob Gibbs,G000563,2016-05-01,R, OH07,House,,2020-07-26,-144.234903772476,Ohio,2023-11-16
NLY,,ANNALY CAPITAL MANAGEMENT INC,2016-04-25,Sale,"$1,001 - $15,000",NEW,CHARLES SWABB ACCOUNT,,Bob Gibbs,G000563,2016-05-01,R, OH07,House,,2020-07-26,-239.670148669856,Ohio,2023-11-16
BUD,,ANHEUSER-BUSCH INBEV SA SPONSORED ADR,2016-04-25,Purchase,"$50,001 - $100,000",NEW,CHARLES SWABB ACCOUNT,,Bob Gibbs,G000563,2016-05-01,R, OH07,House,,2020-07-26,-243.682078474299,Ohio,2023-11-16
VFC,,V.F. CORPORATION,2016-04-13,Sale,"$1,001 - $15,000",NEW,CHARLES SWABB ACCOUNT,,Bob Gibbs,G000563,2016-04-17,R, OH07,House,,2020-07-26,-256.423604758082,Ohio,2023-11-16
DIS,,WALT DISNEY COMPANY,2016-04-12,Sale,"$15,001 - $50,000",NEW,CHARLES SWABB ACCOUNT,,Bob Gibbs,G000563,2016-04-17,R, OH07,House,,2020-07-26,-185.129665625579,Ohio,2023-11-16
AAPL,,APPLE INC.,2016-01-27,Purchase,"$1,001 - $15,000",NEW,CHARLES SWABB ACCOUNT,,Bob Gibbs,G000563,2016-01-27,R, OH07,House,,2020-07-26,645.479008741556,Ohio,2023-11-16
NLY,,ANNALY CAPITAL MANAGEMENT INC,2016-01-21,Purchase,"$1,001 - $15,000",NEW,CHARLES SWABB ACCOUNT,,Bob Gibbs,G000563,2016-01-27,R, OH07,House,,2020-07-26,-264.344593047707,Ohio,2023-11-16
DIS,,WALT DISNEY COMPANY,2016-01-15,Purchase,"$500,001 - $1,000,000",NEW,,"EXERCISED 100 CALL OPTIONS (10,000 SHARES) EXPIRING 1/15/16 AT A STRIKE PRICE OF $90",Nancy Pelosi,P000197,2016-02-17,D, CA12,House,,2020-07-26,-209.532384548359,California,2023-11-16
AAPL,,APPLE INC.,2016-01-13,Purchase,"$250,001 - $500,000",NEW,,PURCHASE OF 200 CALL OPTIONS WITH A STRIKE PRICE OF $90 AND AN EXPIRATION DATE OF 1/20/17,Nancy Pelosi,P000197,2016-02-17,D, CA12,House,,2020-07-26,607.455662041605,California,2023-11-16
CRM,,SALESFORCE.COM INC,2015-12-30,Sale,"$50,001 - $100,000",NEW,,"CONTRIBUTION OF 1,084 SHARES HELD PERSONALLY TO THE PAUL & NANCY PELOSI CHARITABLE FOUNDATION VIA TRANSFER",Nancy Pelosi,P000197,2016-02-02,D, CA12,House,,2020-07-26,140.991973299838,California,2023-11-16
V,,BETWEEN BROKERAGE ACCOUNTS. VISA INC.,2015-12-30,Sale,"$100,001 - $250,000",NEW,,"CONTRIBUTION OF 2,000 SHARES HELD PERSONALLY TO THE PAUL & NANCY PELOSI CHARITABLE FOUNDATION VIA TRANSFER",Nancy Pelosi,P000197,2016-02-02,D, CA12,House,,2020-07-26,104.197021053941,California,2023-11-16
V,,BETWEEN BROKERAGE ACCOUNTS. VISA INC.,2015-12-29,Sale,"$250,001 - $500,000",NEW,,"SALE OF 5,000 SHARES",Nancy Pelosi,P000197,2016-02-02,D, CA12,House,,2020-07-26,102.048937914907,California,2023-11-16
MA,,MASTERCARD INCORPORATED,2015-12-10,Purchase,"$1,001 - $15,000",NEW,CHARLES SWABB ACCOUNT,,Bob Gibbs,G000563,2015-12-22,R, OH07,House,,2020-07-26,243.766101486001,Ohio,2023-11-16
AMZN,,"AMAZON.COM, INC.",2015-12-08,Purchase,"$1,001 - $15,000",NEW,CHARLES SWABB ACCOUNT,,Bob Gibbs,G000563,2015-12-21,R, OH07,House,,2020-07-26,342.813776421659,Ohio,2023-11-16
PCLN,,THE PRICELINE GROUP INC.,2015-12-08,Purchase,"$1,001 - $15,000",NEW,CHARLES SWABB ACCOUNT,,Bob Gibbs,G000563,2015-12-21,R, OH07,House,,2020-07-26,11.529055101505,Ohio,2023-11-16
NOV,,"NATIONAL OILWELL VARCO, INC.",2015-11-25,Sale,"$1,001 - $15,000",NEW,JULIA A GIBBS FAMILY TRUST,,Bob Gibbs,G000563,2015-11-30,R, OH07,House,,2020-07-26,-243.365652157925,Ohio,2023-11-16
BUD,,ANHEUSER-BUSCH INBEV SA SPONSORED ADR,2015-11-23,Purchase,"$1,001 - $15,000",NEW,CHARLES SWABB ACCOUNT,,Bob Gibbs,G000563,2015-12-21,R, OH07,House,,2020-07-26,-242.271527492235,Ohio,2023-11-16
VOD,,VODAFONE GROUP PLC - AMERICAN DEPOSITARY SHARES EACH REPRESENTING TEN ORDINARY SHARES,2015-11-12,Sale,"$1,001 - $15,000",NEW,MERRILL LYNCH - IRA,,Bob Gibbs,G000563,2015-11-22,R, OH07,House,,2020-07-26,-266.228811183951,Ohio,2023-11-16
KTOS,,"KRATOS DEFENSE & SECURITY SOLUTIONS, INC.",2015-11-09,Purchase,"$1,001 - $15,000",NEW,CHARLES SWABB ACCOUNT,,Bob Gibbs,G000563,2015-11-22,R, OH07,House,,2020-07-26,262.386502444691,Ohio,2023-11-16
HTZ,,"HERTZ GLOBAL HOLDINGS, INC",2015-07-16,Purchase,"$100,001 - $250,000",NEW,,PURCHASE OF 258 CALL OPTIONS WITH A STRIKE PRICE OF $14 AND AN EXPIRATION DATE OF 1/15/16,Nancy Pelosi,P000197,2015-07-28,D, CA12,House,,2020-07-26,-259.796346923532,California,2023-11-16
HTZ,,"HERTZ GLOBAL HOLDINGS, INC",2015-07-15,Purchase,"$15,001 - $50,000",NEW,,PURCHASE OF 42 CALL OPTIONS WITH A STRIKE PRICE OF $14 AND AN EXPIRATION DATE OF 1/15/16,Nancy Pelosi,P000197,2015-07-28,D, CA12,House,,2020-07-26,-262.036560779609,California,2023-11-16
V,,VISA INC.,2015-06-15,Purchase,"$1,001 - $15,000",NEW,CHARLES SWABB ACCOUNT,,Bob Gibbs,G000563,2015-06-20,R, OH07,House,,2020-07-26,164.81420657837,Ohio,2023-11-16
OGS,,"ONE GAS, INC.",2015-05-05,Purchase,"$1,001 - $15,000",NEW,CHARLES SWABB IRA,,Bob Gibbs,G000563,2015-05-10,R, OH07,House,,2020-07-26,-105.45658330115,Ohio,2023-11-16
WRB,,W.R. BERKLEY CORPORATION,2015-05-04,Sale,"$1,001 - $15,000",NEW,CHARLES SWABB ACCOUNT,,Bob Gibbs,G000563,2015-05-10,R, OH07,House,,2020-07-26,129.705419316917,Ohio,2023-11-16
CAT,,"CATERPILLAR, INC.",2015-04-09,Purchase,"$1,001 - $15,000",NEW,CHARLES SWABB ACCOUNT,,Bob Gibbs,G000563,2015-04-21,R, OH07,House,,2020-07-26,193.044832926082,Ohio,2023-11-16
CSX,,CSX CORPORATION,2015-04-07,Sale,"$1,001 - $15,000",NEW,CHARLES SWABB ACCOUNT,,Bob Gibbs,G000563,2015-04-08,R, OH07,House,,2020-07-26,37.1918833578803,Ohio,2023-11-16
PG,,PROCTER & GAMBLE COMPANY,2015-04-01,Purchase,"$1,001 - $15,000",NEW,CHARLES SWABB IRA,,Bob Gibbs,G000563,2015-04-08,R, OH07,House,,2020-07-26,-88.7669445149985,Ohio,2023-11-16
AAPL,,APPLE INC.,2014-12-30,Purchase,"$1,001 - $15,000",NEW,CHARLES SWABB ACCOUNT,,Bob Gibbs,G000563,2014-12-30,R, OH07,House,,2020-07-26,511.898008761044,Ohio,2023-11-16
INTC,,INTEL CORPORATION,2014-12-30,Purchase,"$1,001 - $15,000",NEW,CHARLES SWABB ACCOUNT,,Bob Gibbs,G000563,2014-12-30,R, OH07,House,,2020-07-26,-220.595307866599,Ohio,2023-11-16
V,,VISA INC.,2014-12-30,Sale,"$100,001 - $250,000",NEW,,SALE OF 500 SHARES,Nancy Pelosi,P000197,2015-01-12,D, CA12,House,,2020-07-26,179.54784280974,California,2023-11-16
V,,VISA INC.,2014-12-29,Sale,"$250,001 - $500,000",NEW,,SALE OF 1000 SHARES,Nancy Pelosi,P000197,2015-01-12,D, CA12,House,,2020-07-26,179.563291384315,California,2023-11-16
B,,"BARNES GROUP, INC.",2014-12-23,Sale,"$1,001 - $15,000",NEW,CHARLES SWABB ACCOUNT,,Bob Gibbs,G000563,2014-12-30,R, OH07,House,,2020-07-26,-163.102275939425,Ohio,2023-11-16
DIS,,WALT DISNEY COMPANY,2014-12-10,Purchase,"$50,001 - $100,000",NEW,,PURCHASE OF 92 OPTIONS,Nancy Pelosi,P000197,2015-01-12,D, CA12,House,,2020-07-26,-182.472733263924,California,2023-11-16
HTZ,,"HERTZ GLOBAL HOLDINGS, INC",2014-11-28,Purchase,"$50,001 - $100,000",NEW,,PURCHASE OF 100 OPTIONS,Nancy Pelosi,P000197,2014-12-17,D, CA12,House,,2020-07-26,-272.952922655187,California,2023-11-16
DIS,,WALT DISNEY COMPANY,2014-11-28,Purchase,"$1,001 - $15,000",NEW,,PURCHASE OF 8 OPTIONS,Nancy Pelosi,P000197,2014-12-17,D, CA12,House,,2020-07-26,-177.880894648833,California,2023-11-16
HTZ,,"HERTZ GLOBAL HOLDINGS, INC",2014-11-25,Purchase,"$100,001 - $250,000",NEW,,PURCHASE OF 200 OPTIONS,Nancy Pelosi,P000197,2014-12-17,D, CA12,House,,2020-07-26,-273.953256904638,California,2023-11-16
HTZ,,"HERTZ GLOBAL HOLDINGS, INC",2014-11-06,Purchase,"$50,001 - $100,000",NEW,,PURCHASE OF 150 OPTIONS,Nancy Pelosi,P000197,2014-12-17,D, CA12,House,,2020-07-26,-277.356570500232,California,2023-11-16
HTZ,,"HERTZ GLOBAL HOLDINGS, INC",2014-11-05,Purchase,"$15,001 - $50,000",NEW,,PURCHASE OF 50 OPTIONS,Nancy Pelosi,P000197,2014-12-17,D, CA12,House,,2020-07-26,-277.884440918969,California,2023-11-16
